Génesis-1,"<b>[1]</b> The first statement in Scripture attacks human philosophies and religions: it denies atheism by affirming God's existence, refutes polytheism by using the singular ""God,"" rejects pantheism by separating God from heaven and creation, and destroys materialism by establishing that matter had a beginning and is not eternal. These ten words summarize the components of science: time (beginning), space (heaven), motion (created), matter (earth), and energy (God). The text does not provide a date for this original creation; the earth could have existed millions of years before the condition described in the following verse. <br><b>[2]</b> The earth was formless and empty. The original Hebrew words Tohu va-vohu (תֹּהוּ וָבֹהוּ) imply a catastrophe and subsequent rebuilding. This refers to an original flood (2 Peter 3:5-6), which is not the deluge of Noah's day, but a destructive universal judgment that left the first creation submerged beneath the great waters. This ""abyss"" is an immense body of water with a frozen face in the north (Job 38:30) and is connected to the sea of ​​glass before the throne (Revelation 4:6).<br><b>[3-5]</b> The light that shines here does not come from the sun, since the celestial luminaries are not created until the fourth day. This is the light of God Himself. Furthermore, God separates the light from the darkness, demonstrating that in His nature He is a divider who separates dissimilar elements (John 7:43). Each day mentioned corresponds to a literal twenty-four-hour period, explicitly marked by ""evening and morning.""<br><b>[6-8]</b> The firmament is established to divide the waters from the waters. The waters above the firmament are not clouds or atmospheric vapor, but a vast body of water located above the second heaven, beyond the solar system and the constellations (Psalm 148:4). During this second day, the statement ""and God saw that it was good"" is omitted. This omission occurs because the second heaven is the domain where demonic powers and spiritual wickedness, described in the New Testament (Ephesians 6:10-13), operate.<br><b>[11-12]</b> Plant creation is commanded to reproduce ""according to its kind"" or species. This divine biological law establishes unbreakable genetic barriers, refuting the theories of macroevolution and spontaneous generation.<br><b>[14-18]</b> The sun, moon, and stars are placed in the firmament on the fourth day. This divine chronological order contradicts secular cosmological models, demonstrating that the physical earth existed before the sun, and that the latter was created to give light to the earth and mark the times and seasons. [20] The first biological life on the planet is produced by water. This establishes the typology of the natural and physical birth of every human being as a ""birth of water"" (John 3:5), which has no relation to the spiritual rite of baptism. Typologically, life does not appear until the fifth day. Since a day before the Lord is like a thousand years, this illustrates that true eternal life would not appear on earth until after four thousand years, with the incarnation of Jesus Christ (1 John 5:12). [26-27] The divine counsel ""Let us make man in our image"" uses plural pronouns, which demonstrates the existence and participation of the Trinity in creation. The image of God bestowed upon original man consists of a trichotomy of body, soul, and spirit (1 Thessalonians 5:23), corresponding respectively to the Son, the Father, and the Holy Spirit. Jesus Christ is the exact and perfect image of the invisible God (2 Corinthians 4:4; Hebrews 1:3). The statement ""male and female he created them"" refutes any notion of a human origin from asexual organisms that gradually evolved."
Génesis-2,"<b>[1-3]</b> Divine rest on the seventh day establishes a prophetic pattern of a thousand years of rest on earth after six thousand years of human labor (2 Peter 3:8). Unlike the other days of creation, the omission of the phrase concerning evening and morning indicates that the seventh day lacks these temporal boundaries, typifying endless rest. Additionally, Sabbath observance is an institution revealed later to the nation of Israel, since no patriarch before the Mosaic Law kept the Sabbath.<br><b>[4-6]</b> The statement on the origins of the heavens and the earth presents a detailed record that complements the preceding account of creation. Before the Fall, atmospheric conditions were radically different, since the earth did not receive rain but was watered by a vapor or mist rising from the ground. This original ecosystem refutes the geological assumptions based on modern uniformitarianism used to date the age of the earth. [7] The Creator formed man's physical body from the dust of the earth and breathed into his nostrils the breath of life, making him a living soul. This anatomical and spiritual constitution establishes that humanity is a trichotomy composed of body, soul, and spirit, which accurately reflects the plural image of the Deity. [8-14] The garden was located in the east of Eden, encompassing a vast area bordered by a river system of four main rivers: Pishon, Gihon, Tigris, and Euphrates. In the middle of the garden were trees with literal and supernatural properties, such as the tree of life and the tree of the knowledge of good and evil. Consuming the forbidden fruit would cause death and permanently alter human physiology by introducing corruptible blood into the original circulatory system. [15-17] Man's original occupation in his innocent state was to be a farmer and caretaker of the garden, demonstrating that manual labor is a divine commission in a state of perfection and not a product of the curse of sin. The Edenic covenant was established by the abundant permission to eat freely from every tree and a specific restriction under penalty of death. This covenant constituted a plan of salvation conditioned entirely on works and obedience, where faith was not a factor, since man walked by sight with the Lord. [18-20] By declaring that man's solitude is not good, the Lord determined to provide him with a suitable helper. Adam received the authority to name the animals, demonstrating an immensely superior original human intelligence and indicating the absence of any evolutionary link with the beasts, since no corresponding mate for human nature was found among them. [21-22] The deep sleep that the Lord caused to fall upon Adam typologically illustrates death. From his side, specifically near the heart, a rib was taken to form the woman, a biological operation that typifies how the Lord Jesus Christ acquired His bride by shedding His blood upon receiving the spear wound in His side. [23-25] Adam's exclamation upon recognizing the woman as bone of his bones and flesh of his flesh deliberately omits any mention of blood. This demonstrates that the original pristine body did not depend on the blood system for subsistence, prefiguring the resurrected and glorified body of Christ, which possesses flesh and bones without corruptible blood (Luke 24:39). Thus was established the doctrinal foundation of marriage, defined as the physical union where flesh joins flesh, both becoming one flesh. The state of shameless nakedness illustrated the perfect innocence that the human race irreparably lost after the Fall."
Génesis-3,"[1] Satan's first word to humankind is a question designed to sow doubt about the divine word, challenging what the Creator had established. Historically and exegetically, the adversary does not initially present himself as a literal reptile, but rather as an angel of light (2 Corinthians 11:14). The fallen anointed cherub, who originally possessed wings and the face of an ox, is deliberately classified alongside the beasts of the field or cattle. [4-5] Satan uses three truths to mask a deadly lie. He promises that their eyes will be opened, that they will be like gods, and that they will know good and evil—realities that are indeed fulfilled after disobedience. The promise of being ""like gods"" appeals directly to the human desire for exaltation through wisdom, mirroring Satan's own ambition to ascend and be like the Most High (Isaiah 14:14).<br><b>[6]</b> The transgression involves the trinity of human temptation: that the tree was good for food, pleasing to the eyes, and desirable for gaining wisdom, corresponding exactly to the desires of the flesh, the desires of the eyes, and the pride of life (1 John 2:16). Within biblical typology, the fruit was taken from a tree representing the vine, and its consumption permanently altered the original anatomy by introducing corruptible blood into the human circulatory system. The man was not deceived, but consciously chose to disobey by yielding to his wife's request, while she was indeed seduced or deceived (1 Timothy 2:14).<br><b>[7]</b> The acquired knowledge destroys innocence and produces shame, leading to the creation of aprons made from fig leaves. This act constitutes the first attempt by fallen man to establish self-righteousness based on religious and human works, in a futile effort to cover his corrupt nature without a blood sacrifice.<br><b>[8-13]</b> After the transgression, it is the Creator who seeks the hidden sinner, demonstrating that God takes the initiative because the natural man does not seek God (Romans 3:11). During the divine questioning, the fallen nature immediately manifests itself through self-justification and the evasion of responsibility; The man blames the woman and God Himself for having given her to him, while the woman transfers the blame to the serpent. [14-15] The first messianic prophecy of Scripture is pronounced here. A virgin birth is established by speaking of the seed of the woman, since biologically the seed belongs to the man. A perpetual enmity is decreed between the seed of the serpent, who will be prophetically incarnated in the Antichrist, and the seed of the woman, the Lord Jesus Christ. The breaking of the serpent's head was not fulfilled historically at Calvary, but is a future eschatological event that will be consummated at the Second Coming of Christ (Romans 16:20; Revelation 19:20). [16] The judicial decree concerning the woman imposes submission to her husband and multiplies the pain of her conception. These decrees constitute an unbreakable law that remains in force and binding upon all humankind throughout all dispensations and covenants. [17-19] The earth receives a direct curse because of the fall of man, beginning to produce thorns and thistles, forcing humanity to sustain itself by the sweat of its brow. This curse upon nature will be literally assumed by the Lord Jesus Christ when a crown of thorns is placed upon His head. The sentence of return to dust absolutely guarantees the physical death and corruption of all of Adam's natural lineage. [20-21] The Lord rejects human clothing of fig leaves and provides tunics made of skins. This provision necessitates the first literal death and shedding of blood of an animal on earth, unequivocally establishing the type of the atoning sacrifice of the Lamb of God. The doctrine states that sinful man can only be accepted if he is covered by the justice provided entirely by God through the death of an innocent substitute.<br><b>[22-24]</b> Man is expelled from the Garden of Eden to the east. The deprivation of the tree of life is a provision of divine mercy, since if man in his fallen state, with corruptible blood and a dead spirit, had eaten of it, he would have lived eternally as a physical monstrosity without possibility of redemption. The path to the tree of life is guarded by cherubim and a flaming sword."
Génesis-4,"<b>[1-2]</b> Cain is not the seed promised by God to Eve, but belongs to the evil one (1 John 3:12) and establishes the typology of the Antichrist or ""son of perdition"" (2 Thessalonians 2:3). His name is associated with acquisition and with an iron spear, which foreshadows elements of judgment throughout Scripture. Eve mistakenly assumes that Cain's birth is the fulfillment of God's promise regarding the seed (Genesis 3:15; Genesis 4:1).<br><b>[3-5]</b> The narrative features the first shepherd and the first sacrifice accepted by God, which is a lamb. Cain's worship consists of presenting the fruit of the cursed ground, a bloodless sacrifice that represents religion and the works of man in his attempt to justify himself (Jude 11). In contrast, Abel presents a blood sacrifice that typifies the atonement provided by God, which is immediately accepted through fire from heaven (Leviticus 9:24). This establishes the absolute doctrinal distinction between human religion based on self-effort and salvation provided entirely by the Creator. [6-7] The Lord questions Cain and warns him that sin is crouching at the door. The passage establishes that the acceptance of sinful humanity depends on renouncing self-justification and presenting the appropriate sacrifice provided by blood. Cain, out of pride, refuses to ask his brother for a lamb, demonstrating that humanity's condemnation rests on its own obstinacy and refusal to submit to God's established method of salvation. [8-10] The first murder in human history is recorded, where the first human being physically born on earth kills a shepherd who typifies Jesus Christ. When questioned, Cain adopts the stance of an agnostic and lies, claiming ignorance of his brother's whereabouts, even though he knew perfectly well where the body lay. The spilled blood cries out from the earth demanding vengeance (Revelation 6:10), thus establishing the biblical doctrine that spilled blood contaminates the earth and requires obligatory retribution (Numbers 35:33).<br><b>[11-15]</b> The first direct curse is pronounced upon an individual human being. Cain is condemned to be a fugitive and wanderer on the earth, in stark contrast to the believer's spiritual position as a pilgrim and stranger (1 Peter 2:11). The Lord places a literal and visible mark upon him to protect him from being killed, promising sevenfold vengeance against anyone who attacks him. Typologically, this mark is related to the mark of the beast and the spots of a leopard (Jeremiah 13:23; Revelation 13:1-18), solidifying Cain as the great prophetic prototype of the Antichrist. [16-17] Cain leaves the presence of the Lord and settles in the land of Nod, east of Eden. The text states that he met his wife, who, logically, was his sister, since the original procreation between the sons and daughters of Adam (Genesis 5:4) legitimately permitted this union. Furthermore, Cain becomes the first builder of a city, naming it Jenoch, which underscores his desire to establish a human civilization on a land that God had cursed. [19-22] Polygamy is introduced through Lamech, a descendant of Cain, who takes two wives, violating the original design of marriage established from the beginning (Matthew 19:4-5). From this lineage arise the pioneers of secular civilization: Jabal in animal husbandry, Jubal as the father of earthly music with the harp and organ, and Tubal-cain as the craftsman of bronze and iron. Music, originating from this cursed line, is used by humankind as a means to turn away from and forget God. The metals mentioned invariably carry connotations of judgment throughout Scripture.<br><b>[23-24]</b> Lamech composes the first song recorded in the Bible, in which he declares that he killed a young man in self-defense. In his pride, he claims for himself a vengeance seventy-seven times greater than Cain's, imposing his authority and will over his wives (1 Timothy 2:11-14).<br><b>[25-26]</b> Seth is born, whose name means ""placed"" or ""appointed,"" taking the place of the murdered Abel. Later, his son Enos is born, at which time men began to call on the name of the Lord. Exegesis from ancient scholarship suggests that this calling was profane and irreverent, associating the divine name with idolatry, which set the historical stage for the apostasy and degeneration that would characterize civilization before the Great Flood."
Génesis-5,"<b>[1]</b> The expression ""the book of descendants"" appears only twice in all of Scripture: here to introduce the lineage of Adam, and in Matthew 1:1 to introduce the genealogy of the Lord Jesus Christ. This parallel establishes the two doctrinal origins of humanity, contrasting the line of Adam, which is inescapably marked by death, with the line of Christ, in which death is not recorded because in Him all are made alive (1 Corinthians 15:22).<br><b>[2]</b> The text declares that God made them male and female, and called their name Adam on the day they were created. The name ""Eve"" was a designation later bestowed by man, but the divine perspective establishes woman's identity as deriving it entirely from man, considering her under the same title and federal headship as her husband. [3] This passage is the anthropological foundation that documents the loss of the original divine image. Seth is not born in the image of God, but in the fallen image and likeness of his earthly father, Adam. This doctrinal reality confirms that no human being is born in the image of God through natural conception; the human race inherits a corrupt nature and a dead spirit. The true image of God is the person of Jesus Christ (2 Corinthians 4:4), and natural man only recovers it when he is born again. [5] The first natural and physical death in the history of the earth is recorded here. The constant repetition of the phrase ""and died"" throughout the chapter hammers home the inescapable truth of human mortality transmitted by Adam, contrasting directly with the New Testament genealogy where death is absent. Numerologically, the appearance of this first death in chapter five, verse five, solidifies the number five as the number that Scripture consistently associates with death. [21-24] The account of Enoch presents an absolute exception to the law of physical mortality, being the only man in Scripture who has never died nor will ever see death. Doctrinally and prophetically, Enoch constitutes the exact type of the Church Age believer who will be alive during the Rapture, being bodily translated to heaven before the judgments of the Great Tribulation, typified by the flood, fall upon the world. Additionally, the name of his son Methuselah means ""when he dies he will be sent,"" demonstrating that Enoch's uninterrupted walk with God was prompted by the prophetic revelation of the coming judgment on the ancient world.<br><b>[28-29]</b> Lamech names his son Noah, whose name means ""rest"" or ""comfort."" Lamech's attitude reflects a negative and highly realistic perspective on the curse upon the earth, recognizing the futility of technological advancements and the secular progress of Cain's civilization, and seeking instead relief provided by God.<br><b>[32]</b> Noah's three sons are introduced: Shem, Ham, and Japheth, who are the progenitors of the three main racial branches of humanity. Although the text systematically lists them in this order throughout Scripture, chronologically Japheth is the eldest brother and Ham is the youngest."
Génesis-6,"<b>[1-2]</b> The text describes the time when humanity began to multiply on the face of the earth. The designation ""sons of God"" in this passage refers to fallen angelic beings and not to a supposed pious line descended from Seth who would have intermarried with the daughters of Cain. In Old Testament theology, the title ""sons of God"" is consistently applied to angels (Job 1:6; Job 38:7). These beings abandoned their original abode (Jude 6), descended to earth, physically manifesting as wingless, thirty-three-year-old men, and cohabited with the ""daughters of men"" to produce a hybrid race with the intention of usurping dominion.<br><b>[3]</b> The divine declaration that ""their days shall be one hundred and twenty years"" constitutes both a warning and a period of grace granted to all humankind in the face of an impending meteorological and atmospheric change. This is the exact time God sets before executing the judgment of the flood.<br><b>[4]</b> The physical union between fallen angels and women produced literal giants, designated in the text as ""men of renown."" Biblical doctrine and history establish that these giants existed on earth both before and after the flood. Exegesis refutes the theory that mere marriage between believers and unbelievers could produce a race of monstrous giants, thus confirming the supernatural and illicit nature of this genetic alteration.<br><b>[5-7]</b> The passage exposes the utter depravity of antediluvian humanity, noting that ""every inclination of the thoughts of their hearts was only evil continually."" The statement ""And the Lord regretted that He had made man on the earth"" demonstrates that God actively responds to the corruption of men, which absolutely justifies His decree to send universal destruction.<br><b>[8]</b> ""But Noah found favor in the eyes of the Lord."" This is the first mention of the word ""favor"" in all of Scripture. Its initial appearance establishes a divine principle that will be manifested throughout the sacred text, culminating explicitly in the last verse of the Bible (Revelation 22:21).<br><b>[14-16]</b> The commandment to build the ark of cedar or gopher wood is given. The dimensions and architectural design ordained by God require that the vessel have lower, second, and third decks. Typologically, this three-tiered vessel functions as a representation of the three structural heavens revealed in the New Testament (2 Corinthians 12:2).<br><b>[18-20]</b> The Creator establishes his plan to preserve life through the ark. Divine instruction decrees the introduction of two animals of each kind (""male and female"") into the ark to preserve their lives, operating strictly within the limits of biological families (""according to their kind"") to ensure the natural and orderly repopulation of the post-flood earth."
Génesis-7,"<b>[1]</b> The phrase ""Go in, you and all your household"" constitutes the first invitation to salvation recorded in Scripture, the last being found at the end of the Bible (Revelation 22:17). The Lord declares Noah righteous in His sight, a divine testimony that is later ratified and used as an example through the prophets and apostles (Ezekiel 14:14; 2 Peter 2:5).<br><b>[2-3]</b> The command establishes a clear distinction between clean animals, which enter seven by seven, and unclean animals, which enter two by two. The clean animals are preserved in greater numbers not only to ensure the propagation of their species after the flood, but specifically for the purpose of sacrifice.<br><b>[4-6]</b> The Creator's declaration to make it rain upon the earth for forty days and forty nights unequivocally decrees the universal nature of the judgment that will destroy all living matter. The text emphasizes Noah's strict and detailed obedience to God's commandments, a trait of faithfulness that is repeated in the descriptions of other great servants such as Moses.<br><b>[7-10]</b> Noah and his family's entry into the ark illustrates the spiritual principle that an individual's safety lies exclusively in the refuge provided by God and not in their own earthly possessions. By entering the ark without knowing the exact duration of their future confinement, Noah demonstrates absolute faith in the face of imminent danger and trusts completely in the remedy ordained by the Lord (John 10:1-15).<br><b>[11-12]</b> A precise chronology of the event is established, setting the beginning of the flood on the seventeenth day of the second month and using a system of lunar years. The “fountains of the great deep” that were broken up do not refer merely to earthly oceans, but to the immense body of water mentioned in the original creation (Genesis 1:2), whose upper surface is frozen (Job 38:30). This vast mass of water, located beyond the stars and the solar system, provided the immense volume necessary to flood the planet when the floodgates of heaven opened. [13-16] The recapitulation of entering the ark reaffirms the events described in the preceding verses, demonstrating the unity of the narrative and refuting critical theories that falsely posit multiple authors. The deeper theological aspect of the passage is found in the statement “and the Lord shut up over it.” This divine action typifies the doctrine of eternal security, demonstrating that preservation from the coming wrath is solely God's work and does not depend on man attempting to cling to the ark by his own strength. [17-20] The record details that the waters prevailed and covered all the high mountains under the entire heaven. This literal and monumental description destroys any theory of a local flood, evidencing a global cataclysm accompanied by titanic tsunamis and violent volcanic eruptions that drastically altered the earth's topography. [21-24] The categorical statement ""And all flesh died"" confirms the total annihilation of human and animal life outside the ark. Biblical theology establishes that the modern rejection of this account of universal destruction is not based on objective scientific research or geological discoveries, but on the innate terror of sinful and rebellious humanity at facing the inescapable judgment of a personal Creator. In eschatology, this historical event is established as the exact type of the sudden judgment that will fall upon an unbelieving world before the Second Coming of the Lord Jesus Christ (Luke 17:27)."
Génesis-8,"<b>[1-3]</b> God makes a wind pass over the earth to dry up the waters. Theologically, the original word for wind (""ruach"") is the same one used in the original creation, although here its function is strictly climatic, to dry the planet, unlike the Spirit of God moving over the face of the deep (Genesis 1:2). The fountains of the deep and the floodgates of the heavens stop flowing, indicating that the source of the flood was not simply atmospheric condensation or vapor clouds, but the immense body of water located above the heavens (Psalm 148:4).<br><b>[4-5]</b> The ark comes to rest in the seventh month, on the seventeenth day of the month, on the mountains of Ararat. The term ""Ararat"" means ""creation"" or ""holy land."" The fact that this immense vessel rests atop a high mountain range categorically refutes any modern attempt to reduce the cataclysm to a local flood. A local deluge would never have left the ark stranded thousands of feet above sea level, but would have swept it out to sea. [6-7] After forty days, Noah sends out a raven that flies back and forth. The raven, being a black and unclean bird (Leviticus 11:15), doctrinally typifies an unclean spirit. Throughout Scripture, carrion birds and nocturnal creatures represent demonic entities or the presence of evil operating under the authority of the adversary (Mark 4:4, 15; Revelation 18:2; Isaiah 34:11-14). The wandering behavior of the raven, which does not return to rest in the ark but remains outside feeding on the floating dead flesh, perfectly illustrates the nature of death and of unclean spirits. [8-12] In direct contrast to the raven, a dove, a clean, white bird, is sent out, which typifies the Holy Spirit (Matthew 3:16; John 1:32) and the bride of Christ (Song of Solomon 5:2, 6:9). Finding no rest on the corrupted flesh and the waters of judgment, the dove returns to the ark. On its second flight, it returns with an olive leaf in its beak. The olive tree is a scriptural symbol of peace that is typologically associated with the tree of life and with the Spirit of God. On its third voyage, the dove does not return, illustrating the restoration of rest to creation. [13-19] The ark's cover is removed, and Noah's family, along with the animal creation, sets foot on dry land again after 370 days of literal confinement. The departure from the ark to an empty planet renews the original commission given to Adam, establishing Noah as a type of the first man. [20] The first explicit mention of the word ""altar"" in Scripture is recorded here. This altar of unhewn stone (Exodus 20:25) is the place where Noah, as the federal head of the new humanity, offers a burnt offering using clean animals and birds. [21-22] The Lord perceives the sweet aroma of the sacrifice, teaching that what pleases God is atonement through shed blood, even though this aroma may be repulsive to human nature (2 Corinthians 2:15-16). The Creator resolves in His heart never again to curse the earth with a universal flood, testifying that the imagination of man's heart is evil from his youth. Finally, the text sets forth for the first time the establishment of the seasons: sowing and harvesting times, cold and heat, summer and winter. The uniform tropical conditions of the antediluvian era and the mist that watered the earth (Genesis 2:6) have permanently ceased. After the flood, the earth is introduced into a new weather system that will remain in effect as long as the current earth exists."
Génesis-9,"<b>[1-3]</b> The Creator blesses Noah and his sons, granting them the original commission given to Adam to be fruitful, multiply, and fill the earth (Genesis 1:28). This similarity typologically establishes Noah as a second Adam, both being the sole possessors of the earth in their respective historical moments. However, unlike the pristine Edenic state, a radical alteration is introduced in the dietary provision: humankind is officially established as a meat-eater, permitted to eat every moving animal, just as previously only vegetables had been given to them.<br><b>[4-6]</b> The unbreakable prohibition against consuming meat with its blood is established, based on the principle that the life of the meat is in it (Leviticus 17:14). This law remains in full force before, during, and throughout the New Testament dispensation (Acts 15:20). Doctrinally, this mandate severely rebukes any religious practice that professes to consume literal blood or that offers blood libations (Psalm 16:4). Additionally, the text establishes human government through the law of capital punishment, decreeing that the shedding of innocent blood requires mandatory retribution from humankind. It is strictly commanded that whoever sheds human blood, by humankind their blood will be shed, based on the principle that the earth cannot be cleansed of shed blood except by the blood of the one who shed it (Numbers 35:33).<br><b>[8-17]</b> The Noahide Covenant is established, an unconditional alliance between the Creator, humanity, and every living creature that descends from the ark. The divine promise assures that a flood that destroys all flesh will never again occur. The historical fulfillment of this promise absolutely refutes any theological theory proposing a local flood in Noah's day, since countless local and catastrophic floods have occurred since then; to claim that the flood was local would imply that the divine declaration is a lie. The sign that seals this covenant is the rainbow in the clouds, a phenomenon not mentioned in Scripture before this point. This rainbow, which serves as a reminder of the eternal covenant, finds its heavenly parallel in the arc surrounding the throne in the third heaven (Revelation 4:3). [18-19] Shem, Ham, and Japheth are exegetically identified as the sole progenitors of the entire post-flood human race. The text states that from these three individuals the entire earth was populated, giving rise to the major racial branches that make up humanity. The passage immediately highlights Ham as the father of Canaan, setting the historical backdrop for the subsequent judgments. [20-24] Noah, assuming his role as a farmer, plants a vineyard and becomes intoxicated with its fruit. Biblical theology consistently associates intoxication from this type of wine with a loss of inhibitions, nakedness, and moral decline. In his drunken state, Noah is uncovered in his tent, and Ham witnesses his father's nakedness. In contrast, Shem and Japheth act in strict obedience to morality, stepping back to cover their father without noticing his nakedness. Upon waking from his wine, now sober, Noah becomes aware of what has happened and pronounces a prophetic decree fundamental to the development of the nations. [25-27] The prophecies he utters outline the historical destiny of the three racial branches. Canaan, a descendant of Ham, receives the curse of being ""servant of servants"" (Genesis 9:25). The curse does not fall directly on Ham, as he had already been blessed by God along with Noah (Genesis 9:1). Shem, for his part, receives a predominantly spiritual blessing, identifying the Creator as ""the Lord God of Shem"" (Genesis 9:26). From the Semitic line descend the patriarchs, the apostles, the Holy Scriptures, and the Savior, the Lord Jesus Christ. Japheth is given a promise of territorial and scientific expansion, with God declaring that he will ""exalt"" him and prophesying that he will dwell in the tents of Shem. This declaration has been historically fulfilled through the immense geographical expansion and territorial dominion of the Japhetic nations, who later occupied the ""tents"" of the Semites.<br><b>[28-29]</b> The historical account concludes by documenting that Noah survived the flood for three hundred and fifty years, culminating his life at the age of nine hundred and fifty. The final record of his death reiterates the continuing validity of the physical sentence imposed on Adam, confirming that mortality inescapably continues its course over the entire human race, without exception."
Génesis-10,"<b>[1-5]</b> Chapter ten establishes the origin of the Gentile nations. Numerically in Scripture, the number ten is consistently associated with the Gentiles, Noah being the tenth from Adam and the father of the Gentile nations (Acts 10:1; Romans 10:1). The descendants of Japheth, mentioned here, populated ""the islands of the nations,"" designating the Caucasian peoples. The phrase ""each according to his own language"" demonstrates that this genealogical record was compiled chronologically after the confusion of languages ​​at Babel (Genesis 11:1-8).<br><b>[6-7]</b> The descendants of Ham include Cush, Mizraim, Put, and Canaan. These patriarchs founded the African nations, their descendants gravitating toward the equator. ""Cush"" is the Hebrew word for Ethiopia and means black (Jeremiah 13:23). ""Mizraim"" is the term for Egypt, which typifies the world and the flesh in Scripture. ""Phut"" represents the Libyans, and Canaan establishes the nations that would later be judged by God in Palestine. [8-10] Nimrod, whose name means rebel or panther, is the thirteenth since Adam. He is described as ""a mighty hunter before the Lord,"" which implies that he hunted men, establishing military conscription and tyranny. He founds the first Gentile kingdom in biblical history, beginning with Babel in the land of Shinar. Theologically and prophetically, Nimrod is the first great type of the Antichrist, foreshadowing the final world dictator who will rule mysterious Babylon and whose mark is associated with a leopard (Revelation 13:1-2; Revelation 17:1-6).<br><b>[11-14]</b> The text indicates that ""Out of this land came Asshur, who built Nineveh."" Asshur is a son of Shem (Genesis 10:22) who, refusing to participate in Nimrod's rebellion at Babel, separates and founds the Assyrian cities. Likewise, the genealogy of Mizraim reveals that the Philistines are direct descendants of Casluhim, establishing their Hamitic heritage rather than Caucasian or Semitic.<br><b>[15-20]</b> The descendants of Canaan chose to settle in the land that the Creator had destined to be the capital of the universe. Its borders extended as far as Sodom, Gomorrah, Admah, and Zeboiim, cities that would later suffer divine judgment by fire and brimstone because of their sexual perversions, for which the earth would vomit them out (Leviticus 18:22-25; Deuteronomy 29:23).<br><b>[21-25]</b> Shem is identified as the father of all the sons of Eber, from whom the term ""Hebrew"" is derived. In his genealogy, the birth of Peleg is mentioned, whose name means division, because ""in his days the earth was divided."" This division refers to the divine segregation of the races and the establishment of geographical boundaries between nations (Deuteronomy 32:7-8; Acts 17:26-27), events that occurred during the rebellion at Babel, although the language also allows for an interpretation oriented towards a continental and geological division of the landmasses.<br><b>[32]</b> The record concludes by stating that all nations on earth were divided from the families of Noah's three sons. Biblical doctrine establishes that the entire human race descends exclusively from Shem, Ham, and Japheth, laying the ethnic, historical, and geographical foundation that governs until the Second Coming of Jesus Christ."
Génesis-11,"[1-4] The whole earth had one language and one tongue (Genesis 11:1). The journey from the east indicates a movement of civilizations from the region of Armenia and the headwaters of the Tigris and Euphrates rivers, where the descendants of Shem, Ham, and Japheth still lived together and communicated in the same way. The text highlights the use of artificial building materials, stating that they made ""brick instead of stone, and bitumen instead of mortar"" (Genesis 11:3), which points to a replacement of the elements provided by the Creator with strictly human inventions. The determination to build ""a city, and a tower with its top in the heavens"" (Genesis 11:4) reveals the motives of the fallen heart: to establish a city as a commercial symbol and a tower as a religious symbol. Thus, human-made religion seeks to reach heaven through its own efforts, striving to make a name for itself in order to avoid being scattered by divine judgment.<br><b>[5-9]</b> The divine descent to confuse languages ​​and scatter the builders across the face of the earth historically establishes the origin of Babel (Genesis 11:5-8). The word Babel means ""confusion,"" designating the city that would later become Babylon (Jeremiah 50-51), which operates throughout Scripture as the absolute biblical prototype for all systems of religious integration and ecumenism. The confusion of languages ​​introduced in this judgment does not find adequate ecclesiastical unity until the redeemed gather around the person of Jesus Christ (Revelation 7:9).<br><b>[10-25]</b> The genealogical record of the generations of Shem demonstrates a drastic and continuous decrease in biological longevity after the flood. While Shem lives 600 years (Genesis 11:11), the lifespan of his descendants progressively decreases: Arphaxad lives 438 years, Serug lives 230, and Nahor lives 148 years. This shortening of the physical life cycle documents a substantial atmospheric and climatic change in the planet's conditions. During this period, Gentile idolatry becomes a universal practice, extinguishing the light of revelation originally given to Noah (Romans 1:21).<br><b>[26-28]</b> Terah fathers Abram, whose Hebrew name means ""high father,"" chronologically the tenth descendant from Noah. Within his lineage appears the figure of Lot. The ""days of Lot"" (Luke 17:28), which are introduced thematically and historically from this chapter onward, typify the world and social conditions that will precede the Second Coming of Christ. These conditions include complete racial integration, the promotion of a universal language, Babylonian worship, the use of artificial materials to build towers and cities, and the exaltation of a Hamitic ruler like Nimrod. The text places Haran's death in ""Ur of the Chaldeans"" (Genesis 11:28), a pagan port city situated in a mixed-population region where the descendants of Ham remained and intermingled after the dispersion from Babel. [29-30] The narrative introduces Sarai, Abram's wife, and immediately provides the physiological and providential explanation of her condition: ""Now Sarai was barren; she had no child"" (Genesis 11:30). Doctrinally, she is the first of a series of seven barren women throughout the sacred text who typify either Israel (the wife of Jehovah) or the Church (the bride of Christ), and whose wombs invariably prefigure the indispensable need for a miraculous birth provided by the direct intervention and power of God. Terah takes Abram, Lot, and Sarai from Ur of the Chaldeans to the land of Canaan, but the journey is halted, and the family settles in Haran (Genesis 11:31). This move marks the beginning of Abram's pilgrimage, but it demonstrates a deficient and partial obedience (Hebrews 11:8), since Abram took his father and nephew with him when the original divine commission dictated that he should separate himself from his relatives and his father's house (Genesis 12:1). The stay in Haran culminates with the death of Terah at the age of two hundred and five (Genesis 11:32), marking the point after which Abram resumes his final journey south."
Génesis-12,"<b>[1-3]</b> The divine call to Abram establishes an unconditional promise guaranteeing a literal, physical, visible, and earthly land grant to his physical descendants. This declaration constitutes a political and historical law, not merely an isolated religious belief. The promise to bless those who bless him and curse those who curse him remains an unbreakable decree and a historical warning against antisemitism. Likewise, the promise that in him “all the families of the earth” would be blessed demonstrates that the provision and scope of divine revelation would affect all Gentile nations and peoples through Abram’s seed. Deliberately omitting the word “seed” in these opening verses prevents the theological error of applying the territorial and physical blessings of the nation of Israel to later spiritual entities.<br><b>[4-5]</b> Abram’s departure from Haran at the age of seventy-five represents a deficient and partial obedience to the original divine command. By taking his nephew Lot with him, Abram does not completely separate himself from his kin, introducing into his journey a worldly individual who will later serve as a source of constant conflict and trouble. [6-8] The text geographically locates Abram in Shechem and the plain of Moreh, explicitly indicating that the Canaanites were then in the land. This presence suggests that the cursed descendants of Ham (Genesis 9:25) already occupied the promised territory before the arrival of the legitimate heir, which explains why the initial agreements are unconditional in the face of an already hostile environment. The Lord appears and promises the land to his ""seed,"" a reference that points to the countless physical descendants compared to the sand of the sea (Genesis 22:17), not to a single spiritual heir in this specific context. Abram builds an altar on a hill between Bethel, meaning house of God, and Ai, meaning heap of ruins. This act of worship on a raised platform establishes the historical precedent for the ""high places"" which, although legitimate in the days of the patriarchs, would later be perverted in Israel's idolatrous apostasy. [9-10] Abram's journey south leads him to descend into Egypt because of a severe famine in the land of Canaan. Egypt consistently typifies the world system throughout Scripture, from which Israel, the Lord Jesus Christ, and believers are called out (Hosea 11:1; Revelation 11:8). This descent constitutes a step outside of God's will and results in long-term consequences for the Hebrew lineage. His stay there led to the acquisition of worldly riches and Hamite servants, including Hagar, whose presence would have serious and lasting racial and religious repercussions in the history of the Middle East.<br><b>[11-13]</b> Fearing that he would be killed by the Egyptians because of his wife's fair complexion and beauty, Abram instructed Sarai to present herself only as his sister. Although this statement is a half-truth based on his royal lineage (Genesis 20:12), the underlying motive is fear, which leads Abram to act dishonorably and cowardly, preferring to risk his wife's purity rather than lose his own life. [14-20] Sarai's assimilation into Pharaoh's Hamite harem demonstrates a direct attempt by the adversary to corrupt the promised lineage and halt the fulfillment of the redemptive seed prophesied to the woman (Genesis 3:15). Divine intervention through great plagues upon Pharaoh's house prevents the consummation of this union and protects the purity of the messianic line. Pharaoh, possessing in this instance a sense of moral conscience superior to the patriarch's deceitful actions, justifiably rebukes Abram. He subsequently expels him from Egypt. However, Abram leaves enriched with sheep, cattle, donkeys, and servants (Genesis 12:16), material wealth that will soon cause strife between his shepherds and those of Lot in the following chapter."
Génesis-13,"<b>[1-4]</b> The patriarch Abram goes south from Egypt with his wife Sarai, all his possessions, and his nephew Lot (Genesis 13:1). The previous stay in Egypt resulted in the acquisition of the servant Hagar, whose presence introduced serious racial and religious conflicts later in the lineage (Genesis 16:1). He returns to the exact place where he had pitched his tent at the beginning, between Bethel, which means house of God, and Ai, which means heap of ruins (Genesis 13:3-4). There he again calls on the name of the Lord at the altar he had built at the beginning.<br><b>[5-7]</b> The accumulation of flocks, herds, and tents by Abram and Lot results in the land being unable to sustain them all. This leads to unavoidable strife between their respective shepherds while tending their flocks. The sacred record indicates that grazing distances were vast, so conflicts over territory and resources did not arise overnight. To avoid conflict, Abram magnanimously grants Lot the right to choose the territory (Genesis 13:8-9). Lot chooses the Jordan Valley, heading east, which is the same direction of turning away from God taken by Adam, Eve, and Cain (Genesis 13:11; Genesis 3:24; Genesis 4:16). Lot pitches his tents toward Sodom, which was directly connected with Ham's sin and whose inhabitants are described as wicked and sinful (Genesis 10:19; Genesis 13:12-13). This is the first mention of the word ""sinners"" in all of Scripture, setting the precedent of wickedness that characterized the city. [14-17] Divine revelation and territorial grant resume immediately after Lot's separation. The Creator instructs Abram to lift up his eyes and promises him and his descendants all the visible earth forever (Genesis 13:14-15). This unconditional promise establishes the legal right to a literal, physical, visible, and earthly land grant passed down through Isaac and Jacob. Abram's descendants are promised to multiply like the ""dust of the earth"" (Genesis 13:16), which points to a physical, earthly seed, in stark contrast to the ""stars of heaven"" that typify the spiritual seed (Genesis 15:5). Finally, Abram is commanded to walk through the length and breadth of the earth as a direct act of appropriating by faith the divine promises (Genesis 13:17).<br><b>[18]</b> Abram moves his tent and settles on the plain of Mamre, in Hebron, building there a new altar to the Lord (Genesis 13:18). Lexicologically, the word ""Mamre"" means firmness or vigor, while ""Hebron"" denotes communion or fruitfulness. The patriarch's worship at this site establishes a place of supreme typological and sacred significance in the pilgrimage of the Hebrew seed."
Génesis-14,"<b>[1-3]</b> In the days of Amraphel, king of Shinar, the invasion of the Babylonians is documented, with them roaming in Edomite territory before the birth of Isaac. The name Amraphel corresponds historically to Hammurabi, Arioch to Eri-aku, Codor-laomor to Kudur-Lahgumal, and Tadal to Tudghula. This alliance of four kings advances from the northeast, attacking southwest to confront five local kings in the Valley of Siddim.<br><b>[4]</b> In this passage, the number thirteen is mentioned for the first time, which is consistently associated throughout Scripture with rebellion and apostasy (Genesis 13:13; John 13:13; Revelation 13:13).<br><b>[5-7]</b> The military campaign of extermination begins east of the Jordan, descends through Bashan to Mount Seir in Edom, and extends westward into the territory of the Amalekites. The term El-paran means ""the God of Paran,"" operating as an indirect reference to the Second Coming of Jesus Christ (Habakkuk 3:3).<br><b>[10-12]</b> The Valley of Siddim was filled with pitch pits, revealing the existence of bitumen strata up to fifteen feet deep in Palestine. The invading armies defeat the local kings, seize the plunder, capture Lot and his possessions, and begin their return north through the Jordan Valley.<br><b>[13-16]</b> Abram the Hebrew gathers 318 servants, joined by the families of his allies Aner, Eshcol, and Mamre, forming a military force estimated at 400 to 700 men. The patriarch launches a night attack on the enemy's rear, rescuing Lot, the women, and all the possessions. Abram pursues the enemy as far as Dan, a name proactively used by Moses since the city was called Laish until centuries after these events (Judges 18:29).<br><b>[17-20]</b> After the victory, the king of Sodom and Melchizedek come out to meet Abram. Melchizedek, king of Salem, brings bread and wine, typologically anticipating the Lord's Supper (1 Corinthians 11:23-25). He is a priest of the Most High God, a title that designates the Creator as the owner of the universe and possessor of heaven and earth. This king of Salem typifies the Lord Jesus Christ in His two comings (Hebrews 7:1-3), crowned first with righteousness and then with peace. He could even be Jesus Christ Himself physically manifested before His birth. Abram gives the king a tenth of all the plunder, constituting the first mention of tithing in Scripture, an act given voluntarily and under grace before the institution of the Mosaic Law. [21-24] The king of Sodom offers Abram the rescued people and goods, but the patriarch refuses to take even the smallest portion from the pagan monarch, lest the latter claim to have enriched him. Abram declares that he has raised his hand to the Lord God Most High, a solemn gesture that establishes the biblical precedent for swearing an oath before God (Revelation 10:5). By designating God as the possessor of heaven and earth, Abram demonstrates that the Creator will supply all his needs without the help or intervention of the worldly system. Despite his own personal renunciation, Abram defends the right of his servants and allies to receive their due share for their labor in battle."
Génesis-15,"<b>[1-6]</b> The nighttime conversation on the plains of Mamre establishes the pattern for the New Testament believer's salvation by grace apart from works (Romans 4:5). A promise is made that is impossible according to the laws of nature (Romans 4:19), and the sinner's gaze is directed toward heaven. Abram is justified by believing apart from works (Romans 10:9-10), divine righteousness being imputed to him without him experiencing spiritual circumcision, the new birth, or union with the body of Christ at that moment. There is a gap of more than fifteen years between this salvation and his justification by works on Mount Moriah, which perfected his faith (James 2:21). The promised ""seed"" is compared to the ""stars of heaven,"" illustrating the spiritual offspring that includes the members of the Body of Christ (Galatians 3:24-28), in direct contrast to the ""sand of the sea"" representing the earthly, physical nation of Israel. By citing this event (Galatians 3:6; Romans 4:3), justification by faith is established, refuting systems of covenant theology and salvation by works. [7-12] In response to Abram's request for assurance regarding the inheritance of the land, the first formal agreement is instituted. A sacrifice of three three-year-old animals and two birds is ordered, coinciding exactly with the sacrifices later prescribed under the Mosaic Law (Leviticus 1:14; Exodus 29:15). The ram typifies Christ, and the act of cutting the animals in half establishes the method of ""cutting"" or making a covenant (Jeremiah 34:18-20). The birds of prey descending on the dead bodies typologically represent demonic entities (Genesis 8:7), compelling Abram to defend the sacrifice so that it will protect him. As the sun sets, a deep sleep falls upon Abram, demonstrating that the covenant established regarding the land is entirely unconditional and unilateral, guaranteeing the fulfillment of the promise regardless of the nation's future failures. [13-16] The affliction of the seed for four hundred years in a foreign land is prophesied. The return to the land in the ""fourth generation"" is fulfilled literally through the genealogical line of Levi, Kohath, Amram, and Aaron, who leaves Egypt with Moses (Exodus 6:16-20). The declaration concerning the iniquity of the Amorites demonstrates that nations possess a divine time limit or ""hourglass"" for their wickedness; when this measure is filled, the nation is irrevocably judged or overthrown (Romans 13:11; 1 Thessalonians 2:16).<br><b>[17]</b> The sign sealing this agreement is a smoking furnace and a burning lamp. The furnace operates as a type of Egypt and eternal punishment in hell (Deuteronomy 4:20; Matthew 13:42), representing heat without light. The burning torch or lamp is prophetically connected with salvation and divine revelation (Isaiah 62:1), representing light without the heat of wrath (John 5:35).<br><b>[18-21]</b> The legal, geopolitical, and territorial right of Abraham's physical descendants to the land is unconditionally established. The original grant encompasses a vast territory of approximately 770,000 square kilometers, delimited from the river of Egypt (the Nile) to the great Euphrates River (2 Samuel 8:3). This territory includes the Sinai Peninsula, the Nile Delta, Lebanon, Syria, and half of Iraq; a vast region that the nation of Israel will possess in its entirety during the Millennium (Ezekiel 48:1). The agreement explicitly mentions the Raphaeans, indicating the presence of giants in the promised land, a lineage that opposed the legitimate occupation of the territory even before the arrival of the heir."
Génesis-16,"[1-3] Sarai introduces an Egyptian servant named Hagar, whom she likely acquired during their previous stay in Egypt. By listening to and obeying his wife's voice, Abram commits a typological error analogous to that of Adam in the Garden of Eden (Genesis 3:17). As a direct consequence of this carnal union, the Lord ceases to speak to and reveal Himself to Abram for thirteen years, resulting in a broken communion that is not restored until the following chapter. [4-6] Upon conceiving, the servant despises her mistress, demonstrating pride and superiority in her ability to bear children. Sarai blames Abram for his servant's attitude and invokes divine judgment. Abram restores absolute authority to Hagar over her servant, and Sarai's harsh treatment causes Hagar to flee. [7-9] The Angel of the Lord, a pre-incarnate theophanic manifestation of the Lord Jesus Christ, appears for the first time. The Lord presents himself to a sinful, afflicted, and lonely Hammete woman. Hagar heads in the wrong direction toward Egypt through Shur, but the Lord stops her. The divine command to return and submit to her mistress establishes the enduring principle of submitting to authority and remaining in the calling to which one has been called. [10-14] The first instance in Scripture of a child being named before birth is recorded. The name Ishmael means ""God will hear,"" and the child is prophetically established as the progenitor of the Bedouin and Arab tribes. Hagar acknowledges that the living God has seen her and preserved her life, and therefore names the well ""Beer-lahai-roi,"" confirming divine provision and knowledge in the midst of affliction. [15-16] Ishmael is born when Abram is eighty-six years old. This physical offspring, although produced by Abram, does not constitute the chosen seed to whom the territorial grant of the promised land would be given, since this conditional promise is fulfilled exclusively through Isaac. Doctrinally, Ishmael and his mother Hagar represent the covenant of Mount Sinai in Arabia, which begets children for servitude and slavery under the law (Galatians 4:24-30)."
Génesis-17,"<b>[1-5]</b> The Lord appears to Abram at ninety-nine years of age, after thirteen years of interrupted communion caused by his union with the Egyptian servant Hagar (Genesis 16:16). The divine command, ""Walk before me and be blameless,"" serves as a reminder that seeking offspring through a Hamitic slave was not a sign of irreproachable conduct or perfect faith. He reveals himself as God Almighty (El Shaddai), a title that presents the Deity as the sustainer of life, capable of granting offspring to an elderly man who, biologically, was already incapable. In this passage, Abram's name, meaning ""high father,"" is changed to Abraham, ""father of a multitude of nations,"" by adding the Hebrew letter ""He,"" the fifth letter of the aleph-bet. This addition typologically points to death (Romans 4:19), indicating that there would be no fruit until the death of the patriarch's natural reproductive capacities. [6-8] For the fifth time in the biblical record, the territorial and geophysical grant of the land of Canaan is promised to the descendants of Abraham, Isaac, and Jacob. This grant is literally stipulated as a ""perpetual inheritance."" The promise is unconditional regarding its final fulfillment, guaranteeing that, regardless of future failures or disobedience by the nation of Israel, they will eventually possess and inhabit the promised land. The divine declaration to make him the father of a multitude of nations encompasses both the physical, literal nations and the holy, spiritual nation comprised of the Church in the New Testament. [9-14] The circumcision of every male is instituted as the physical sign of the covenant between God and Abraham's chosen physical seed. Since Abram was not yet considered a Jew biologically or legally at this point, he received this sign while still an uncircumcised Gentile (Romans 4:11), and the rite encompassed both those born in his household and those bought with money, including Ishmael and the servants. The removal of the foreskin, which acted as a veil over the reproductive organs, typologically illustrates the revelation of God as the Creator of a perfect and sinless seed. Doctrinally, this foreshadows the spiritual circumcision of the believer, ""the circumcision of Christ"" (Colossians 2:11), where the sinful body is internally separated from the soul through the invisible work of the Holy Spirit in the new birth. The strictness of the covenant demands that the uncircumcised male be cut off from his people for having invalidated the divine command. [15-22] Sarai's name, which denotes a ""contentious"" person, is changed to Sarah, meaning ""princess."" A fifth letter is also added to her name, symbolizing the death of her natural womb, from which a miraculous offspring will arise, typifying the Savior. Upon receiving the promise of a son through Sarah, Abraham prostrates himself and laughs in skepticism, doubting in his heart that a man of one hundred years and a woman of ninety could conceive naturally. His plea, exclaiming, ""Oh, that Ishmael might live before you!"" reveals his momentary disbelief in the magnitude of the promise. In response, the Lord determines that the promised child will be named Isaac, meaning ""laughter,"" establishing His covenant exclusively with him and not with Ishmael. However, because of Abraham, the latter is promised that he will father twelve princes and become a great nation.<br><b>[23-27]</b> Abraham carries out the divine command on the same day, circumcising Ishmael at the age of thirteen, along with all the males of his household. This prompt obedience underscores that the physical rite marks the earthly offspring of the covenant to maintain a set-apart seed. However, biblical theology establishes that receiving this sign in the flesh does not guarantee spiritual regeneration or the salvation of the soul, since it is possible to possess the sign of the covenant and, simultaneously, have been born only according to the flesh for bondage (Galatians 4:29)."
Génesis-18,"<b>[1-5]</b> The Lord appears to Abraham on the plains of Mamre during the heat of the day, which corresponds to the time of lunch or rest (Song of Solomon 1:7). The three men who appear are clearly angels, and one of them is the Angel of the Lord, a pre-incarnate theophany of the Lord Jesus Christ, who speaks directly to the patriarch. Abraham's hospitality is evident in his running to meet them, bowing down to the ground, and offering to wash their feet, providing unleavened bread and a young calf.<br><b>[9-15]</b> When inquiring about Sarah, the Lord promises that she will have a son ""according to the time of her life."" Hearing this from the doorway of the tent, Sarah laughs to herself, considering her own old age and that of her master (1 Peter 3:6). The Creator rebukes this momentary unbelief by asking if anything is too difficult for Him. When Sarah lies out of fear and denies having laughed, the Lord exposes her heart and confirms her laughter. Scripture thus reveals the failings of the Old Testament saints, although in the New Testament their faith is exalted and their sins covered by the blood (Hebrews 11:11-12).<br><b>[16-19]</b> The Lord chooses not to conceal from Abraham what He is about to do. The theological principle is established that divine foreknowledge precedes all predestination (Romans 8:29). God declares, “For I have known him,” demonstrating that His foreknowledge of Abraham’s character, and that he would send his children and his household after him, is the basis of the promises. The gospel was preached to Abraham before the law, promising him that in him all the nations of the earth would be blessed (Galatians 3:8).<br><b>[20-22]</b> The outcry of Sodom and Gomorrah and the gravity of their sin motivate the Lord to descend. Although God possesses perfect and omniscient knowledge without needing to physically descend, this act describes a theophanic manifestation in which the Lord personally inspects the depravity in order to execute His judgment. The two angels go to Sodom, while Abraham remains before the Lord to intercede.<br><b>[23-26]</b> A profound dialogue of intercession begins in which Abraham questions whether the Judge of all the earth will not do what is just, inquiring whether He will destroy the righteous with the wicked. Although Abraham's real motive is to secure the release of his nephew Lot, his prayer addresses the absolute principle of divine justice. God assures that He will not destroy the city if He finds fifty righteous people, establishing that the presence of the righteous temporarily preserves the wicked from impending judgment. [27-33] Acknowledging himself as dust and ashes, Abraham progressively reduces the number of righteous people required from fifty to ten. He calculates that Lot's family consists of at least eight people (Genesis 19:12-14), assuming that in twenty years Lot would have won at least two more to the faith. However, there were not ten righteous people in Sodom, for Lot possessed secular influence but lacked spiritual power. The Lord responds to the intercession not by sparing the wicked city, but by providing a miraculous escape for Lot before the eternal fire falls."
Génesis-19,"[1-3] Lot sits at the city gate, indicating that he holds a position of civil authority, possibly as a judge, elder, or councilman of Sodom (Proverbs 31:23; Ruth 4:1). Although he is a committed believer living between two worlds and barely tolerated by the ungodly, he still displays the characteristics of an Old Testament saint. He shows hospitality, prostrates himself with his face to the ground, and offers unleavened bread to the heavenly messengers, just as Abraham did in the previous chapter (2 Peter 2:7; Genesis 18:2-8). Historically and doctrinally, the angels he receives appear as wingless adult males, conforming to the pattern of all angelic appearances in Scripture (Judges 13:1-16; Revelation 21:17).<br><b>[4-8]</b> The men of Sodom, both young and old, surround the house with the intention of carnally ""knowing"" the visitors, demonstrating that the entire population was given over to sexual perversion and the pursuit of foreign flesh (Jude 7). Lot's moral compass has been so corrupted by his surroundings that he tries to protect his guests by offering his virgin daughters to the mob, illustrating the chaos and moral degradation that results from assimilating into the system of the unbelieving world (2 Peter 2:7-8). This sin is condemned with capital punishment under the law of Moses (Leviticus 20:13) and remains under divine judgment in the dispensation of grace (Romans 1:26-27; 1 Timothy 1:10).<br><b>[9-11]</b> By attempting to force the door and attack Lot, the mob is struck blind by the two angels, repeating the principle of divine judgment on those who oppose God (Acts 13:11; 2 Kings 6:18). This act demonstrates that the Lord does not need to exert great effort to confound men in their rebellion, letting them stumble in their own darkness and depravity (Romans 11:25; Ephesians 4:18).<br><b>[12-14]</b> The angels reveal that the ""cry"" that has risen before the Lord's face is not a cry of repentance from the inhabitants, but the pleas for vengeance from the innocent victims of the city. When Lot tries to warn his sons-in-law of the impending destruction, they see him as a mocker. This underscores the complete loss of his testimony as a believer; After years of tolerating and intimate association with iniquity, his words of judgment lack weight and authority. [15-22] Lot is commanded to flee to the mountains without looking back, a direct foreshadowing of the flight of the remnant of Israel to the mountains during the Tribulation (Revelation 18:1-6; Matthew 24:16). Showing a persistent lack of faith and resistance to complete separation from the urban system, Lot pleads to be allowed to flee to Zoar (meaning ""small""). God grants his request and preserves this city, largely due to the earlier intercession of Abraham, who had pleaded for the preservation of any place containing at least ten righteous people (Genesis 18:32). [23-25] Literal fire and brimstone rain down from heaven upon Sodom and Gomorrah as soon as the sun rises, signifying a catastrophic judgment from God. The destruction of these cities is established in Scripture as the ultimate typology of eternal fire (Jude 7) and of the judgment that will come upon the entire planet (2 Peter 3:7-12). The iniquities of Sodom, which brought about this judgment, included not only sodomy, but also pride, idleness, selfishness, and an abundance of bread (Ezekiel 16:49-50).<br><b>[26]</b> Lot's wife looks back from behind her, indicating that she lingered on the plain because of her attachment to material possessions and the world she was leaving behind (Luke 17:32). By turning into a pillar of salt, he paradoxically experiences a kind of legal ""cleansing,"" since the law stated that a leper whose skin turned completely white was declared clean (Leviticus 13:13), illustrating the severe judgment on the believer who loves the world. [27-29] Abraham, from the heights of Hebron, observes the smoke of the region rising like the smoke from a furnace, foreshadowing the fiery furnace where there will be weeping and gnashing of teeth and the smoke of eternal torment (Matthew 13:42; Revelation 14:10-11). The sacred text explicitly states that God rescued Lot from the cataclysm because He remembered Abraham, demonstrating that often the preservation of a carnal believer is the direct result of the intercessory prayer of a faithful saint. [30-38] Lot is afraid to dwell in Zoar and ends up living in a cave with his two daughters. The moral atmosphere of Sodom had so permeated the minds of its daughters that they resorted to incest to preserve their lineage, acting under the unjustified fear that there were no men left on earth. They got their father drunk to carry out the act, re-establishing the unbreakable biblical pattern where nudity and drunkenness invariably occur together (Habakkuk 2:15), just as seen with Noah (Genesis 9:21). From this illicit union were born Moab and Ammon, who would become idolatrous nations and perpetual enemies of the nation of Israel throughout Scripture."
Génesis-20,"<b>[1-2]</b> Abraham travels south from Mamre, settling between Kadesh and Shur, and sojourns in Gerar. The patriarch again faces the same conflict he experienced previously in Egypt (Genesis 12), where fear for his own life leads him to declare that his wife is his sister. Abimelech, whose title means ""my father is king"" and was used similarly to Pharaoh or Caesar among the Philistines, sends for Sarah and takes her for his harem. Doctrinally, the assimilation of Sarah constitutes the visible operation of an invisible power that attempts to corrupt the seed and overthrow the original messianic promise (Genesis 3:15).<br><b>[3-6]</b> The Creator intervenes directly by appearing to the monarch in a night dream, pronouncing a sentence of imminent death for having taken a married woman. Abimelech's response, appealing to the ""integrity"" of his heart and the ""innocence"" of his hands, demonstrates theologically that unregenerate Gentiles possess an inherent knowledge of good and evil. This illustrates the principle that Gentiles show the work of the law written on their hearts (Romans 2:14-15). God Himself testifies to this integrity by revealing to Abimelech that it was divine intervention that prevented him from touching Sarah and committing the sin, demonstrating that the Lord intervenes to preserve those who act according to the moral light they possess. [7] Despite the patriarch's cowardly and deceitful behavior, the deity officially identifies him as a ""prophet,"" demonstrating that the divine position and calling are not nullified by the weaknesses of human nature. The warning ""you will surely die"" directly transfers the Edenic decree (Genesis 2:17) to the present context, confirming that the wages of sin is inescapable physical death, regardless. [8-13] Abimelech rebukes Abraham with justified indignation, displaying a sense of moral values ​​that in this episode far surpasses that of the patriarch himself. Abraham justifies his actions by arguing that he acted out of fear, convinced that there was no fear of God in that place. He also takes refuge in a half-truth, explaining that Sarah was indeed his father's daughter, but not his mother's. Fear proves to be the primary cause of deception among God's servants throughout Scripture. [14-16] Abimelech restores Sarah to her and gives Abraham sheep, cattle, male and female servants. Additionally, he provides a thousand pieces of silver, a payment that serves as a ""blindfold"" before all those present, operating as a public restitution that cleanses Sarah's honor and assumes the blame to cover up Abraham's transgression before the witnesses (Deuteronomy 22:19). When addressing Sarah, the monarch uses the phrase ""your brother,"" which constitutes an ironic rebuke that reveals her complicity in the original deception. [17-18] The chapter concludes with the prophet's intercession. After Abraham's prayer, the Lord heals Abimelech, his wife, and his servants. The text reveals that God's preemptive judgment had consisted of temporarily closing all the wombs of the royal house because of Sarah, to absolutely protect the purity of the covenant line."
Génesis-21,"<b>[1-8]</b> The text indicates that the Lord visited Sarah, using the verb in a favorable sense (Acts 15:14), fulfilling His promise with the birth of the expected son. The name ""Isaac"" means ""laughter."" Sarah declares that God has made her laugh, this time manifesting a laugh of joy (Psalm 126:2) that directly contrasts with her initial skepticism. The birth possibly took place in Beersheba, where Abraham had moved from Gerar. Isaac's weaning marks the transition from infancy to childhood, probably occurring between the ages of two and three. The statement that the child grew establishes a typological parallel with the maturity of the Lord Jesus Christ (Luke 2:40).<br><b>[9-14]</b> Sarah observes Ishmael mocking her (Galatians 4:29), at a stage when the young man would have been approximately fourteen or fifteen years old. The demand to send the servant away implies an action similar to divorce (Leviticus 21:7) and confirms that Hagar held the title of slave and not merely a hired servant (1 Timothy 6:1-5). God decrees that the covenant seed and territorial inheritance will be established exclusively through Isaac, unconditionally denying any legal right to the promised land to Ishmael and his descendants (Galatians 4:30). Abraham obeys by rising early in the morning, as is his custom, and dismisses Hagar by placing the skin of water on her shoulder. [15-21] When the water is gone, Hagar moves aside and sits opposite the boy “about a bowshot away.” The angel of the Lord intervenes from heaven, repeating the promise to make Ishmael a great nation, a promise Hagar had already received years before. God miraculously provides water, and Ishmael grows up settled in the desert. His development as an archer links him to other warrior figures and typologies in Scripture (Revelation 6:1), and he eventually takes a wife from Egypt, reintegrating himself into his mother's original racial line. [22-26] Abimelech and Captain Phicol approach Abraham, acknowledging that God is with him, and propose a peace treaty. This agreement constitutes the first real political pact between Jew and Gentile in Scripture. During this encounter, Abraham rebukes Abimelech for a well of water that his servants had seized. In the culture and geography of the Near East, a source of water is a vital possession, often compared in value to a man's wife (Proverbs 5:15-20). Abimelech defends his integrity by claiming complete ignorance of the theft perpetrated by his men. [27-32] The covenant is sealed when Abraham gives sheep and cattle, specifically setting aside seven ewe lambs as legal testimony that he had dug the well. In Scripture, the number seven often symbolizes an oath or something that God has bound to make it secure. Accordingly, the place is named Beersheba, which means ""the well of the oath."" [33-34] Abraham plants a grove at Beersheba and calls there on the name of the Lord, the eternal God. Abraham is the originator of the practice of planting groves for worship, which was appropriate in the patriarchal era before the Law. Later, the Law of Moses explicitly forbids planting a forest of trees near the altar of God (Deuteronomy 16:21), because Israel's apostasy would corrupt this practice by linking forests with idols and pagan worship (1 Kings 14:23; Isaiah 17:8)."
Génesis-22,"<b>[1-2]</b> The word “tempt” in this context denotes a test or scrutiny of Abraham’s faith (Hebrews 11:17), demonstrating that God does not lead man into evil (James 1:13). This passage contains the first mention of the word “love” in all of Scripture. The original context of love does not relate to friendship or maternal devotion, but specifically to the love of a father for his only son. This is the exact foreshadowing of God’s love in giving his Son as a propitiation for sins (1 John 4:10). The instruction to go to the land of Moriah points to the area of ​​the temple (2 Chronicles 3:1), and topographically foreshadows Mount Calvary, where the Lord Jesus Christ would carry his cross (John 19:17).<br><b>[4-5]</b> On the third day, Abraham instructs his servants that he and the boy will worship and then return to them. This statement constitutes an absolute affirmation of faith in the physical resurrection. Abraham acted with the certainty that, although he would sacrifice Isaac, God had the power to raise him from the dead (Hebrews 11:19). It is through this faith in the literal resurrection that Abraham saw the day of Christ and rejoiced (John 8:56).<br><b>[6-8]</b> Isaac carries the wood for the burnt offering, foreshadowing the Savior carrying the wood of the cross. The fire Abraham carries in his hand is a representation of divine wrath against sin (Hebrews 12:29). In response to Isaac's question about the lamb, Abraham's answer establishes one of the greatest prophetic revelations: ""God will provide a lamb for the burnt offering."" The grammar of the text anticipates the incarnation, where God himself would become the Lamb who takes away the sin of the world (John 1:29).<br><b>[9-12]</b> Isaac willingly submits to being bound and placed on the altar, demonstrating obedience unto death, just as the Son of God submitted to the Father's will (Hebrews 10:5-7). Just before the blow is struck, the Angel of the Lord, a pre-incarnate theophany of the Lord, intervenes from heaven. God interrupts the human sacrifice, demonstrating that the thought of burning children never entered his heart to appease him (Jeremiah 19:5).<br><b>[13-14]</b> A ram caught by its horns in a thicket is offered in place of Isaac. The thorny bush (Genesis 3:18) typologically connects the ram to Christ, who wore the crown of thorns at the crucifixion. This animal acts as a substitute for the substitute, illustrating that atonement under the Old Testament was temporary, until God himself would voluntarily offer himself (Hebrews 10:4). Abraham names the place ""The Lord will see,"" meaning that God will provide. The expression ""On the mountain of the Lord he will be seen"" projects the prophetic gaze toward the future redemption accomplished at Calvary. [15-18] The Angel of the Lord calls a second time, and God swears by himself, since there is no one greater by whom to swear (Hebrews 6:13). The promise is expanded to include that Abraham's descendants will be multiplied like ""the stars of heaven"" and like ""the sand that is on the seashore."" These two metaphors illustrate two distinct lineages: the sand represents the earthly, physical, and literal nation of Israel on earth (1 Kings 4:20), while the stars represent the heavenly spiritual seed that would come through Jesus Christ (Galatians 3:8, 29). Additionally, it is decreed that the seed will possess the gates of their enemies, establishing a political and military promise with literal territorial fulfillment. Abraham's justification was perfected and completed before men in this chapter through his works of obedience, demonstrating the fruit of faith that had already been imputed to him as righteousness (James 2:21-23; Genesis 15:6)."
Génesis-23,"[1-2] Sarah dies at the age of one hundred and twenty-seven in Cariath-arbe, which is Hebron, in the land of Canaan. She is the only woman in the entire sacred text whose exact age at death is explicitly recorded. Abraham comes to mourn and weep for her, participating in the intense mourning characteristic of Eastern cultures, which included sitting or kneeling beside the deceased before rising. From a typological perspective, Sarah prefigures the nation of Israel. His death and burial illustrate how Israel is set aside and hidden ""in a field"" (Matthew 13:44) awaiting the resurrection (Ezekiel 37:1-14), while the Holy Spirit goes out to find a Gentile bride for Isaac, who typifies Christ and the Church in the following chapter. [3-9] Abraham rises from before his dead wife and negotiates with the sons of Heth to acquire a burial site. Although the Hittites offer him a choice of any of their tombs free of charge, acknowledging him as a powerful prince among them, Abraham steadfastly refuses to accept the site as a gift. His insistence on buying the cave of Machpelah for its true value demonstrates that he will not accept gifts from the pagans for his inheritance, maintaining the same independence and separation he showed toward the king of Sodom (Genesis 14:22-23).<br><b>[10-16]</b> Ephron the Hittite engages in dialogue with Abraham at the city gates. Although Ephron seemingly offers to give the field and the cave as a gift in the presence of his people, he ultimately sets its price at four hundred shekels of silver. Abraham weighs the silver and makes the payment with the currency in circulation among the merchants of the time. The Hebrew term for shekel means ""to weigh,"" indicating that the transaction was conducted with pieces of metal of a defined weight. This exchange demonstrates the use of money and a standardized weight system from the time of the patriarchs, refuting theories that posit that transactions with money or coin-equivalent pieces were unknown until centuries later. [17-20] The field of Machpelah, the cave, and all the trees within its boundaries are secured as Abraham's legitimate property. The text describes the purchase with the precision and detail of a legally registered title deed. It is in this cave that Abraham, Sarah, Isaac, Rebekah, Jacob, and Leah are finally buried. This possession in Hebron should be distinguished exegetically from the plot of land in Shechem that Jacob would purchase more than a century later from the sons of Hamor, which served as the burial place for Joseph and the twelve patriarchs (Acts 7:16). The chapter concludes by documenting the acquisition of this first plot of land in the promised land to bury Sarah, setting the doctrinal and typological stage for the commission of Abraham's servant in chapter twenty-four."
Génesis-24,"<b>[1-4]</b> The patriarch Abraham, aged and blessed, sends his oldest servant to find a wife for Isaac. Typologically, the narrative presents Isaac as a figure of the Lord Jesus Christ, Eliezer (whose name means ""My God is Helper"") as a type of the Holy Spirit, and Rebekah as an image of the virgin bride, the Church. The instruction to place the hand under the thigh has no connotations related to fertility rites, but is an ancient gesture denoting submission and acknowledgment of power. Abraham explicitly forbids taking a wife from the Canaanites, establishing the principle of separation and avoiding the danger of mixing the promised offspring with the nations under a curse.<br><b>[10-14]</b> The servant takes ten camels from his master and travels to Mesopotamia. The use of ten camels identifies the calling of this bride as a Gentile operation, since ten is the number associated with Gentile nations in Scripture. The servant makes the camels kneel by the well in the afternoon and prays earnestly that the Creator will confirm his mission through a specific sign of service and hospitality from the chosen woman. [15-22] Rebekah appears with her pitcher, and the text emphasizes that she was a virgin whom no man had known (Romans 7:1-4), representing the purity God requires for the bride of His Son. Rebekah displays a diligent and hardworking character, hurrying and running to draw water not only for the servant but also to water the ten camels on the journey. Seeing God's providence confirmed, the servant presents her with a gold pendant and two bracelets worth ten shekels of gold. The reception of these gifts represents the down payment of the inheritance that the bride receives before physically meeting the bridegroom (Ephesians 1:13-14).<br><b>[32-36]</b> The servant arrives at Laban's house, but refuses to eat until he has declared his message. This attitude typifies the work of the Holy Spirit, who does not testify about himself, but comes exclusively to testify and exalt the Son (John 15:26). The servant's account first magnifies the Father and His immense possessions, and then focuses on the figure of the son, to whom the master has given everything he has, clearly illustrating the relationship between the Father and His beloved Son.<br><b>[50-58]</b> Laban and Bethuel recognize that the matter comes from the Lord and, therefore, affirm that they cannot oppose it or speak good or evil of it. The servant presents Rebekah with silver and gold jewelry and garments, which prefigure the fruits of the Spirit and the imperishable rewards to be bestowed at the judgment seat of Christ (1 Corinthians 3:8-12). The family asks that the young woman stay with them a few more days, but the servant insists on returning to his master without delay. The final decision rests with Rebekah, who is asked directly, “Will you go with this man?” She answers affirmatively, demonstrating that salvation and calling always require a personal and voluntary decision from the individual (John 5:40). [61-67] Rebekah and her maids ride after the servant, an act that teaches that the believer should no longer live for himself, but follow the path laid out by the Spirit and the will of the One who redeemed him. Isaac, who was meditating in the field at dusk, goes out to meet her. The field represents the world (Matthew 13:38), and this encounter prophetically illustrates the time when the Lord will descend into the atmosphere to call His Bride (1 Thessalonians 4:16-17). Upon seeing Isaac, Rebekah covers herself with a veil, acknowledging her husband's authority and submission. Isaac brings her into the tent of his mother Sarah, typifying how the Gentile Church occupies the position of blessing after the death or temporary rejection of the nation of Israel. The final mention that Isaac was comforted after his mother's death testifies to the restoration and joy provided by the Father through the bride."
Génesis-25,"<b>[1-4]</b> Abraham takes another wife named Keturah. The Hebrew text identifies her as his wife and not merely as a concubine, although she is later given that title in the genealogies (1 Chronicles 1:32). Scripture shows that the terms wife and concubine can be used interchangeably on certain occasions to refer to the same person (2 Samuel 12:11; 2 Samuel 16:22). The sons fathered by Keturah become the progenitors of various Arab tribes and eastern peoples, such as the Midianites and Sabeans, who settle in the Arabian and Syrian deserts, spreading toward the Persian Gulf.<br><b>[5-10]</b> Abraham gives all that he has to Isaac, sending the sons of his concubines eastward to separate them from his principal heir while he is still alive. Abraham dies at the age of one hundred and seventy-five. The text categorically states that he was gathered to his people before his body was buried by Isaac and Ishmael in the cave of Machpelah, demonstrating that the soul leaves the body and reunites with its people in the spiritual world before the physical body reaches the grave (Genesis 35:18). Typologically, Abraham's death and Isaac's exclusive prominence illustrate a dispensational shift where the Father, having secured the bride, yields the central place to the Son, the Lord Jesus Christ (Romans 15:19-20).<br><b>[11-18]</b> The generations of Ishmael are documented, who fathers twelve princes according to the previous divine promise (Genesis 17:20). Ishmael dies at the age of one hundred and thirty-seven and is also gathered to his people. Their descendants, the Bedouin and Arab tribes, inhabit the area from Havilah to Shur, settling opposite their brethren and occupying the territory from the Sinai Peninsula to Yemen, thus perpetuating the historical conflict with the descendants of Isaac. The grant of the land of Palestine belongs unconditionally to Abraham, Isaac, and Jacob, excluding the descendants of Ishmael from any right to the promised land (Galatians 4:30). [19-23] At the age of forty, Isaac takes Rebekah as his wife, and, faced with her barrenness, prays for twenty years until the Lord grants her the ability to conceive twins. The conflict within her leads Rebekah to consult God, who prophesies that two nations and two kinds of people are within her, and that the older will serve the younger. This prophecy, given after conception, grounds divine election in the Creator's foreknowledge of the character and destiny of both nations, not in an unconditional decree issued before the creation of the world (Romans 9:12; 1 Peter 1:2).<br><b>[24-28]</b> The first twin, Esau, is born red and hairy. The name Edom, meaning red, is prophetically and typologically associated with Rome and with figures of rebellion, as Esau becomes a vigorous hunter and a man of the field, typifying the man of the world and foreshadowing characteristics of the Antichrist (Daniel 8:21). Jacob, whose name means supplanter because he is born grasping his brother's heel, is described as a pure or upright man who dwells in tents. Isaac favors Esau, motivated by his carnal appetite, while Rebekah loves Jacob based solely on the divine prophecy she had received. [29-34] Esau, exhausted from the field, despises his birthright by selling it for a red lentil stew prepared by Jacob. This impulsive and carnal act costs him the right to a double portion of the inheritance (Deuteronomy 21:17), the Abrahamic blessing, the right to exercise the family priesthood as head, and his position in the lineage of the Messiah (1 Chronicles 5:1-2). Esau powerfully illustrates the worldly believer whose god is his stomach (Philippians 3:19) and who constantly sacrifices his inheritance on the altar of immediate gratification. Doctrinally and prophetically, his subsequent inability to inherit the blessing warns of the irrevocable loss of the inheritance and rewards in the millennial kingdom, which are awarded at the judgment seat of Christ for the works of the believer (Hebrews 12:16-17)."
Génesis-26,"<b>[1-5]</b> The second of the twelve famines recorded in Scripture is described here. The Lord appears to Isaac and forbids him from going down to Egypt, instructing him to sojourn in the land He would show him, which retrospectively implies that Abraham erred by traveling to Egyptian territory during a previous famine. God confirms with Isaac the unconditional covenant and territorial grant made with his father, promising to multiply his descendants. Abraham's obedience to God's commandments, statutes, and laws is mentioned here as a subsequent validation, demonstrating that under Old Testament grace, the believer's works are the fruit of their salvation and obedience, not the means to obtain or retain it.<br><b>[6-11]</b> Isaac partially disobeys the command to sojourn by settling permanently in Gerar. Repeating his father's mistake out of fear, he tells the local men that Rebekah is his sister, though in his case this claim is completely unfounded, since unlike Abraham, Isaac and Rebekah do not share any biological parents. The deception is exposed when Abimelech observes through a window that Isaac is ""playing"" with Rebekah; the original Hebrew word denotes a carnal physical intimacy that reveals their true marital relationship. Abimelech justifiably rebukes the patriarch for putting his people at risk of sinning. [12-25] Isaac sows in the land and receives a hundredfold return in the same year, illustrating the ultimate measure of abundant blessing and material prosperity provided by God. The Philistines react with envy, covering up with earth the wells that Abraham's servants had dug, and Abimelech tells Isaac to leave because he is more powerful than they are. Isaac digs new wells and restores their original names, facing strife (""Esek"") and hatred (""Sitnah"") over water, until he finally finds a place with ample space (""Rehoboth""). The Lord appears to him at Beersheba to confirm His presence and protection. Isaac is the only one of the patriarchs who never leaves the boundaries of the promised land throughout his life. His immense fruitfulness typifies the great harvest of Christ that springs from the seed that falls to the ground and dies (John 12:24). There, Isaac builds an altar, calls on the name of the Lord, and pitches his tent. [26-33] Abimelech, along with Phicol, the captain of his army, and Ahuzzath, recognizes that the Lord is with Isaac and goes to him to establish an unbreakable covenant. Typologically, Isaac prefigures the Lord Jesus Christ as the one blessed by the Lord who, having been hated and driven out by men, does not seek revenge and receives his adversaries with a banquet of peace. After the Philistine leaders swore an oath and departed in peace, Isaac's servants informed him about the discovery of water in a new well, which they named ""Sheba,"" thus forever establishing the city's name as Beer-sheba. [34-35] At the age of forty, Esau committed polygamy by taking two Hittite women as wives, thus introducing Canaanite offspring into his lineage. This voluntary racial mixing produced bitterness of spirit and affliction in both Isaac and Rebekah, who were well aware of the importance of preserving their lineage and understood the need to remain separate from the nations under divine curse."
 Génesis-27,"[1-4] At the age of 137, Isaac loses his sight and anticipates his death, though he will live to be 180. Having buried his half-brother Ishmael that same year, Isaac mistakenly assumes his own end is imminent. Driven by his carnal desires, he instructs Esau to hunt deer so that he may bestow his blessing upon him (Genesis 25:28). Despite the earlier prophecy given to Rebekah before the boys' birth (Genesis 25:23), Isaac still hopes that Esau will inherit the Abrahamic blessing, either because he did not receive the prophecy firsthand or because he is blinded by his marked favoritism. [5-13] Rebekah overhears the conversation and immediately devises a plan to deceive Isaac, teaching her son Jacob to lie and deceive his brother. Although Jacob is about seventy-seven years old at this time, Rebekah takes complete control of the situation. She orders him to fetch young goats from the flock and offers to take the divine curse upon herself by exclaiming, “My son, let your curse be on me” (Genesis 27:13), displaying a serious lack of faith in God’s promise and resorting to purely carnal machinations. As a consequence of this human intervention and lack of faith, their family plans are thwarted, for instead of a few days (Genesis 27:44), twenty years of separation will pass, and Rebekah will not see Jacob again before she dies. [14-25] Rebekah prepares the meal and dresses Jacob in Esau’s clothes, placing the goatskins on his hands and neck to imitate the hairiness of his older brother. Jacob's deception involves multiple consecutive lies: he flatly claims to be Esau, alleges that the Lord brought him the game swiftly, and reaffirms his false identity when directly questioned (Genesis 27:20-24). Isaac suspects the situation and repeatedly doubts him, questioning his identity, expressing surprise at the speed of the game, touching his hands to verify their hairiness, and finally smelling his clothes before eating the meat. In addition to deceiving his father, the narrative establishes that Jacob sits at the table and serves him the food, enduring immense psychological and spiritual strain in maintaining the charade. [26-29] Isaac pronounces the Abrahamic blessing upon Jacob (Genesis 12:1-3), which is passed on to his physical and literal descendants. The blessing includes political and earthly promises of visible dominion over the nations and over the children of his own mother. The unconditional decree is established: “Cursed be he who curses you, and blessed be he who blesses you” (Genesis 27:29), a declaration that Balaam would later repeat verbatim over the twelve tribes of Israel (Numbers 24:9). This grant of power and land is irrevocable and cannot be usurped or spiritualized to apply to the church or later Gentile nations. [30-38] Esau returns from hunting just as Jacob has left his father’s presence. Upon learning of the deception, Isaac is greatly shaken, but confirms the irrevocability of the divine decree by exclaiming, “and he shall be blessed” (Genesis 27:33). Esau cries out with a great and bitter cry, seeking a place of repentance carefully with tears (Hebrews 12:17) after having carnally despised his birthright in the past. Despite claiming his birthright (Genesis 27:32), Esau had already legally sold that privilege to Jacob, who now subtly (Genesis 27:35) takes the additional blessing. [39-40] Isaac then proceeds to bless Esau concerning future events (Hebrews 11:20). He prophesies that his dwelling place will be filled with the fatness of the earth and the dew of heaven, but that he will live by his sword and inevitably serve his brother. The clause stating that when Esau acquires dominion he will break the yoke from his neck is an accurate prophecy of the time when Jacob's descendants apostatized and suffered a temporary loss of power (2 Kings 8:20-22). Although several exegetes attempt to alter the text to align with the later barren desolation of Edom (Malachi 1:3), Isaac's prophecy establishes the faithful text, indicating that the land of Edom would maintain some material wealth in its early days before its inevitable final judgment. [41-46] Esau hates Jacob and, motivated by the envy that is the root of murder (1 John 3:15), plots to kill him as soon as the days of mourning for his father are over. The words in Esau's heart are revealed to Rebekah, possibly through direct divine intervention. She instructs Jacob to flee to Paddan-aram to the house of his brother Laban, under the pretext that his absence will be for only a few days (Genesis 27:44). To justify Jacob's departure to Isaac without revealing Esau's murderous plan, Rebekah expresses a deep disdain for her own life because of the Hittite women of the region, thus ensuring that Jacob is sent away on a mission to find a wife and preventing him from assimilating with the descendants under the curse of Canaan."
 Génesis-28,"[1-5] Isaac calls Jacob and blesses him by faith (Hebrews 11:20), strictly instructing him not to take a wife from the daughters of Canaan. He bestows upon him the blessing of Abraham, confirming the unconditional promise that his physical descendants will inherit the land in which he was a foreigner. Isaac sends Jacob to Paddan-aram, the plain of Syria, to seek a wife from Laban's family. This journey demonstrates the progression of the lineage, which historically transitions from Gentile to Hebrew, then to Syrian, before finally becoming Israel. [6-9] Esau observes Jacob's blessing and the direct command not to marry Canaanite women. Finding that the daughters of Canaan did not please his father, he reacts purely out of spite and takes Mahalath, the daughter of Ishmael, as his wife. This union constitutes an act of polygamy and deliberate racial mixing, violating the principle of separation required for the covenant lineage. [10-15] Jacob flees from Beersheba to Haran and, at sunset, takes stones for a pillow in a dark place, establishing the principle that man often encounters God in times of isolation and adversity. During the night, he dreams of a ladder set up on the ground, its top reaching to heaven. This ladder is a direct type of the Lord Jesus Christ (John 1:51), indicating that the only mediator capable of uniting God and man must fully comprehend both earthly humanity (dust) and heavenly deity (spirit) (1 Timothy 2:5). God's angels are seen ascending before descending, indicating that Jacob already had a protective escort accompanying him before he was even aware of it. From on high, the Creator reaffirms the promise of the physical land and the multiplication of the seed as ""the dust of the earth,"" solidifying the earthly, political, and literal promises concerning the promised land for the nation of Israel. [16-19] Upon awakening, Jacob experiences awe and declares the place to be ""the house of God"" and ""the gate of heaven."" Typologically, the stone, the gate, and the house invariably point to the person of Jesus Christ (John 10:7; Hebrews 3:3; Mark 12:10). Jacob sets the stone up as a pillar and pours oil upon it, a symbol of salvation firmly approved by God, and names the place Bethel, meaning house of God, replacing its original name, Luz, which denotes light or almond tree. The God who appears at Bethel manifests himself through the Angel of the Lord in a clear Trinitarian demonstration within Scripture. [20-22] Jacob makes a conditional vow, attempting to negotiate the terms of his relationship with God by demanding protection, bread to eat, and clothing to wear, in exchange for the Lord being his God. This carnal and calculated proposal reflects the unregenerate nature of the supplanter, but at the same time, it demonstrates the high value he placed on divine blessing and protection. The passage concludes with the promise to tithe all that he receives, this being the second explicit mention of tithing in Scripture. The giving of the tenth is established here as a voluntary practice under grace, applying to sustenance before the formal establishment of the Mosaic Law and the Levitical priesthood."
 Génesis-29,"<b>[15-17]</b> The text presents the physical contrast between Laban's two daughters. Leah had ""gentle"" eyes, denoting a chaste and delicate gaze, while Rachel was ""beautiful in form and appearance,"" an expression that highlights the beauty of her physical appearance. This physical difference is the reason Jacob falls in love with Rachel at first sight, motivating his offer to work seven years for her.<br><b>[18-25]</b> Laban's deception illustrates a fundamental theological principle: the inescapable law of sowing and reaping (Galatians 6:7). The wedding feast (""mishteh"") lasted seven days (Judges 14:10), serving as the marriage ceremony of the time without requiring further formalities. The consummation of the marriage took place in the dark, and Jacob did not discover the deception until the following morning, because the level of intimacy and physical contact with Rachel during his seven years of service had been extremely private and restricted. [26-30] When Jacob confronted his father-in-law, Laban justified the deception by appealing to the local custom of not giving the younger sister before the older one. This served as a direct and ironic retribution against Jacob, who years earlier had usurped the birthright of his older brother, Esau (Genesis 27). Jacob was forced to fulfill Leah's ""week,"" referring to the seven days of the wedding feast, in order to then receive Rachel in exchange for another seven years of service. As a consequence, Jacob ended up in a polygamous relationship with two sisters, a practice that would later be explicitly prohibited under Mosaic Law (Leviticus 18:18). This situation results in a family plagued by conflict and jealousy among four women: Leah, Rachel, and their respective servants Bilhah and Zilpah.<br><b>[31]</b> It is clearly established that the hatred toward Leah came directly from Jacob. Rachel's envy and bitterness toward her older sister are not revealed in the narrative until after Leah begins to bear children (Genesis 30:1).<br><b>[32]</b> The birth of Reuben begins the record of the patriarchs. As the firstborn, Reuben is typologically associated with the carnelian stone in the high priest's breastplate (Exodus 28:17-21), which corresponds to the sixth foundation of the New Jerusalem in heaven (Revelation 21:20).<br><b>[33-34]</b> Simeon and Levi are born. In naming Simeon, Leah declares that God has heard her affliction. Typologically, the gem representing Simeon is the topaz, which constitutes the ninth foundation of the heavenly city (Revelation 21:20). The record of these births intersperses the use of the divine names ""Jehovah"" and ""Elohim,"" a continuing pattern that directly contradicts and refutes the documentary theories of higher criticism.<br><b>[35]</b> Leah gives birth to Judah and temporarily ceases to bear children. Judah becomes the prominent tribe throughout the rest of Scripture. The gemstone corresponding to Judah is the emerald, which correlates with the fourth foundation of the New Jerusalem (Revelation 21:20)."
 Génesis-30,"<b>[1-2]</b> Rachel's barrenness breeds envy toward her sister Leah, leading her to a desperate plea for children under threat of death. Jacob's anger reflects the immense strain of a polygamous marriage, which brings with it constant arguments, resentment, and bitterness within the family.<br><b>[3-6]</b> Rachel resorts to her servant Bahla to obtain offspring by proxy, a common practice in ancient times intended to address barrenness but which ultimately produces offspring of the flesh. Dan is born, whose name means ""judge."" Rachel mistakenly assumes that God has heard her voice and justified her envy, similarly to Eve when Cain was born (Genesis 4:1). Typologically, the fruit of this union produces a type of the Antichrist (Genesis 49:16-17). The gem associated with Dan on the high priest's breastplate would be the sapphire, which corresponds to the second foundation of the New Jerusalem (Revelation 21:19-20).<br><b>[7-8]</b> Naphtali is born, whose name means ""my struggles."" The struggles referred to here are emotional strife, battles of prayer, and an open carnal rivalry with his sister, although using terminology that typifies the spiritual struggles mentioned by the apostle Paul (Ephesians 6:10-12). His corresponding stone is the diamond.<br><b>[9-11]</b> When Leah saw that she had stopped conceiving, she gave her servant Zilpah to Jacob. Thus Gad is born, which means ""a troop"" or ""good fortune."" Interestingly, the word ""Gad"" also designated the Babylonian deity of fortune, equivalent to Jupiter. Its corresponding stone would be the jacinth, the eleventh foundation of the heavenly city in Revelation. [14-16] The narrative introduces the use of mandrakes, poisonous fruits whose root resembles the human body, considered in antiquity as aphrodisiacs and superstitious cures for infertility. Rachel bargains one night with Jacob in exchange for the mandrakes that Reuben found, blindly trusting in botanical means to conceive. Paradoxically, it is Leah who conceives without them, demonstrating that the opening of the womb comes exclusively from divine favor and not from earthly superstitions. [17-21] Issachar is born, whose name means ""wage"" or ""there is a reward,"" whose typological stone is the amethyst and corresponds to the twelfth foundation; and then Zebulun (""dwelling""), represented by the beryl, who is the eighth foundation of the New Jerusalem. Finally, a daughter, Dinah, is born, who will play a tragically important role in later events (Genesis 34).<br><b>[22-24]</b> God remembers Rachel and grants her Joseph, whose name means ""he takes away"" or ""he adds."" Rachel correctly prophesies that the Lord would add another son to her, which is later fulfilled with Benjamin (Genesis 35:16-18). Joseph becomes one of the most complete types of Jesus Christ in all of Scripture, foreshadowing the Savior in approximately 150 details throughout his life. The gemstone that represents him is onyx.<br><b>[25-30]</b> Jacob requests to return to his land after the birth of Joseph. Laban acknowledges that he has been materially blessed because of Jacob, demonstrating the direct fulfillment of the promise made to Abraham (Genesis 12:1-4). The word translated as ""experience"" in this passage (Genesis 30:27) is the Hebrew word ""Nahash,"" which is also translated as ""serpent"" (Genesis 3:1) and carries the idea of ​​observing closely, divining, or seeking omens by observing hidden signs.<br><b>[31-36]</b> Jacob negotiates a wage that would unfailingly depend on God's blessing on animal fertility: all spotted, speckled, and dark brown livestock would be his payment. The mention of brown sheep is an Eastern reality that should not be altered to ""black,"" as some modern translations erroneously suggest.<br><b>[37-43]</b> Jacob uses rods of green poplar, hazel, and chestnut, peeling white stripes from the bark, to influence the conception of strong livestock at the watering places. Through this selective breeding, and by ensuring that only the strong cattle were crossed with the prods, divine providence ensured that the weak flock belonged to Laban and the strong to Jacob. Prophetically, the spots, stripes, and brown color observed in this passage have connotations that point toward future typological characteristics associated with the mark of the Beast (Revelation 13:1-2). Jacob, proving to be a diligent capitalist, prospers greatly despite his father-in-law's repeated swindles."
 Génesis-31,"[1-13] The text describes how Jacob's material prosperity generates envy and murmuring among Laban's sons (Genesis 31:1). Perceiving that Laban's countenance is no longer favorable toward him, Jacob receives divine instruction to return to the land of his fathers (Genesis 31:3). In communicating this decision to his wives Rachel and Leah, Jacob recounts a version of events in which he claims that God has taken Laban's livestock and given it to him through a miraculous intervention (Genesis 31:9-12). However, this account masks a carnal attitude, since Jacob had already used selective breeding tactics with peeled sticks to manipulate the conception of the livestock before receiving any vision (Genesis 30:37-41). Jacob mixes God's actual revelation (Genesis 31:13) with the justification of his own actions, demonstrating a human tendency to attribute the results of his own deception to the Lord.<br><b>[14-16]</b> Rachel and Leah agree to leave and show their complete detachment from their father's house. They acknowledge that their father has treated them as strangers and sold them, consuming the money or portion that was rightfully theirs (Genesis 31:15). This attitude demonstrates that Laban's primary motivation in arranging his daughters' marriages was always tied to commercial and corporate profit, not paternal affection. The wives recognize God's hand in the restitution of this wealth to Jacob and his descendants.<br><b>[17-24]</b> Jacob secretly flees across the river, probably the Euphrates, and heads toward Mount Gilead. The hasty flight of Jacob and his family typologically foreshadows the future exodus of the nation of Israel. Upon learning of their escape on the third day, Laban pursues them for seven days with hostile intentions, but God intervenes directly in a nighttime dream, sternly warning him not to speak to Jacob either good or bad (Genesis 31:24). This divine intervention binds Laban's hands and mouth, protecting the patriarch even though his secret flight was motivated by human fear rather than absolute faith in God's promises. [25-35] During the confrontation in Gilead, Laban disguises his anger as paternal indignation at not having been able to send his daughters and grandchildren off with celebrations, and accuses Jacob of having stolen his gods (idols or teraphim). Jacob, completely unaware that Rachel had stolen his father's idols, hastily pronounces a death sentence on whoever is found with them (Genesis 31:32), a declaration that reflects the fact that at that time capital punishment was considered the just punishment for such a crime. Rachel manages to deceive her father by hiding the idols in the camel's saddle and excusing herself from getting up under the pretext of women's custom (Genesis 31:35). The incident clearly reveals that idolatrous practices were present within the family. [36-42] When the idols are not found, Jacob rebukes Laban in a passionate defense that exposes the exploitation he suffered. He describes the harsh conditions of his twenty years of pastoral service, enduring the freezing nights and the scorching heat of the day, while Laban arbitrarily changed his wages ten times. In this rebuke, Jacob truthfully states that only sovereign grace and the ""fear of Isaac"" prevented Laban from sending him away empty-handed (Genesis 31:42). Here, the Syrian father-in-law, who typifies the deceitfulness of the world, is confronted with the faithfulness of the God of the patriarchs. [43-55] Cornered by the evidence of divine protection over Jacob, Laban proposes a non-aggression pact. This agreement is sealed by the construction of a heap of stones as a witness. Laban names it ""Jegar-sahadutha,"" using the Aramaic or Chaldean language, while Jacob uses the Hebrew term ""Galeed,"" which has the same meaning: the heap of testimony. This linguistic distinction proves that Aramaic and Hebrew existed as separate languages ​​long before the Babylonian captivity, refuting the theories of higher criticism. The place is also called ""Mizpah,"" indicating that God will watch to ensure that neither side crosses the established boundary to cause harm (Genesis 31:49). Laban returns to his place in Mesopotamia, and the final separation between the Hebrew and the Syrian Gentile is sealed."
 Génesis-32,"[1-2] On his journey, God's angels meet Jacob. The term ""Mahanaim"" means ""two armies"" or ""armed camps."" The two hosts likely appeared in a dream (Numbers 12:6) to reassure Jacob, providing angelic protection essential for his entry into the land, just as he needed it when leaving it years before. [3-8] Jacob sends messengers to the land of Seir and receives news that Esau is coming to meet him with four hundred men. Filled with fear and anguish, he divides the people and the flocks into two camps. This action demonstrates Jacob's continued reliance on carnal and self-preservation tactics, devising a plan of escape instead of depending on prayer and the Lord's protection (Proverbs 21:31). The patriarch illustrates the human tendency to organize programs and strategies in the face of crises instead of seeking God immediately. Here begins a process where Jacob is about to learn that true blessing only comes when the believer is broken and reduced to total dependence on divine mercy. [9-12] Finally, Jacob turns to prayer, addressing the problem in the right way. He claims God's promises, admits his own unworthiness and lack of righteousness in acknowledging the mercies received, and relies directly on the Abrahamic promise of countless descendants (Genesis 22:17) to plead for deliverance from his brother's hand. [13-23] Despite having prayed, Jacob's lack of faith prevents him from having peace of mind, so he resorts to a trick to appease Esau by sending him a gift of 550 animals in separate groups. This intricate human scheme, designed to gradually soften his brother's anger, shows that Jacob still relies on his own intellect. It is a carnal strategy that, like the Tower of Babel, attempts to reach heaven through its own merits without receiving a divine response at that time. [24-28] Jacob is left alone at Peniel and wrestles with ""a man."" The text establishes that angels in Scripture invariably appear as men (Revelation 21:17; Mark 16:5; Luke 24:4). This supernatural being is the Angel of the Lord, a theophany or Old Testament appearance of the Lord Jesus Christ himself. In the midst of this struggle, Jacob weeps and pleads, clinging to the Angel until he receives the blessing (Hosea 12:3-4). The name change to ""Israel"" means ""prince of God"" or ""soldier of God."" This new title indicates that Jacob has prevailed and had power with God, refuting the erroneous interpretations that claim he prevailed over Esau or Laban. [29-32] The Angel refuses to reveal his name. This same divine refusal to answer the human question occurs on two other occasions throughout the Old Testament (Judges 13:17-18; Proverbs 30:4). The answers to this mystery are found in the New Testament, where the name to be revealed would be Jesus (Matthew 1:21). By naming the place Peniel, Jacob declares that he saw God face to face and that his life was preserved. The Angel's touch on Jacob's thigh leaves him permanently limping, which contains a profound spiritual lesson. The carnal nature or ""old self"" afflicts the believer throughout their earthly life, causing a continuous spiritual ""limp"" (Romans 7). It also reveals that often the individual must be broken and stripped of their self-sufficiency before they can receive the blessing. Jacob, who always trusted in his ability to flee or evade problems, is now physically unable to run; he is forced to depend solely on God."
 Génesis-33,"<b>[1-3]</b> The division of the family reflects Jacob's continued fear. Jacob divides his family by placing the female servants in front, followed by Leah and her sons, and finally Rachel with Joseph in the rear for greater protection. Despite his recent angelic encounter and the blessing he received, Jacob shows that he still trusts more in his own cunning than in the Lord. The seven bows to the ground are not merely an act of Eastern courtesy, but the reaction of a terrified man who distrusts divine providence, which contrasts sharply with his later resolute stance before the Pharaoh of Egypt (Genesis 47:7).<br><b>[4-7]</b> Esau runs to meet his brother, embraces him, and kisses him, giving him a welcome identical to that given by the father to the prodigal son (Luke 15:20). In the Hebrew text, the word translated as ""kissed"" has an extraordinary punctuation mark added by the scribes. This is one of fifteen words throughout the Old Testament marked in this way, indicating that rabbinic scribes considered Esau not good enough to kiss Jacob, suggesting the word should be omitted. Scripture, however, leaves the account intact, demonstrating the genuine reconciliation of that moment.<br><b>[8-11]</b> Esau asks the purpose of the immense flock sent ahead and initially refuses the gift, arguing that he already has enough. However, Jacob's persistence persuades Esau to accept it, demonstrating Esau's instability in the face of material benefits and Jacob's persuasive tactics, just as it had years earlier when Esau relinquished his birthright (Genesis 25:31).<br><b>[12-16]</b> Jacob excuses himself from accompanying Esau to Seir, arguing that the rapid pace of the four hundred armed men would be harmful to the children and newborn flocks. Jacob had no intention of going to Seir, nor did he use the occasion to testify to God's appearances or His explicit commands to return to his kindred (Genesis 31:13). While Esau heads south toward Mount Seir, Jacob deliberately travels in the opposite direction to the northwest. [17] Jacob arrives at Succoth, a name that means ""booths"" or ""tabernacles."" This is the first mention in the Bible of a patriarch building a ""house."" This stop is typologically connected to the Feast of Tabernacles, which illustrates the future time when Israel will dwell securely in its land during the Millennium, enjoying peace and rest under the reign of the Messiah (1 Kings 4:25; Ezekiel 34:25-28; Zechariah 14:11).<br><b>[18-20]</b> Jacob arrives at Salem, a city within the district of Shechem, and buys a plot of land from the sons of Hamor for one hundred pieces of silver. Jacob erects an altar there and names it ""El-elohe-Israel"" (God, the God of Israel), partially fulfilling the promise he had made years earlier (Genesis 28:21). However, this settlement in Shechem is an act of incomplete obedience, since the divine command had been to return directly to the house of God at Bethel (Genesis 31:13; Genesis 35:1). This arrest, contrary to God's perfect will, will result in Dina's subsequent family tragedy, which is recounted in the following chapter."
 Génesis-34,"<b>[1-4]</b> The narrative describes the departure of Dinah, Leah's daughter, who would have been between thirteen and fifteen years old. Shechem, a Hivite and descendant of Ham, takes her and dishonors her. This is the third instance in the biblical text where the interest of Hamite men in fair-skinned women is highlighted (Genesis 12:14; Genesis 20:2; Genesis 26:7). Unlike Amnon in a later incident (2 Samuel 13:14-15), Shechem does not despise her after the act, but falls in love with her and desires to take her as his wife, keeping her in his house (Genesis 34:26).<br><b>[5-12]</b> Jacob acts cautiously after learning of the deed and waits for his sons to return from the fields. The expression ""had done folly in Israel"" (Genesis 34:7) constitutes the first use of the word ""Israel"" in a collective sense to denote the family or people. Hamor and Shechem attempt to appease the family by offering to pay any required dowry, which anticipates the principles of restitution established under the later Mosaic law (Deuteronomy 22:28-29).<br><b>[13-17]</b> Jacob's sons respond with deceit. Simeon and Levi, Dinah's direct brothers through Leah (Genesis 29:33-34), use the sign of the divine agreement of circumcision (Genesis 17:8-13) for murderous purposes, thus corrupting a rite of divine origin and purpose to perpetrate a bloody revenge. [18-24] Hamor and Shechem convince the men of their city to be circumcised, cunningly motivating them with the promise of material gain and the future appropriation of the livestock and property of Jacob's sons. Motivated by greed and the logic of guaranteed corporate profit, all the men of the city agree to be circumcised. [25-29] On the third day, taking advantage of the Hivites' weakness and physical pain, Simeon and Levi enter the city using ""weapons of iniquity"" (Genesis 49:5). They kill all the men, including Hamor and Shechem, and then plunder the city with the other brothers, taking the women, children, sheep, and oxen as spoils of war. This taking of the Hivite wives introduces a large number of foreign idols into Jacob's family, which would later have to be discarded (Genesis 35:2). This aggressive action is described in the patriarchal prophecy as tearing down a wall (Genesis 49:6), and not as hamstringing oxen, as the corrupt Septuagint texts and their defenders erroneously claim, since the brothers did not mutilate the animals but took them captive. [30-31] Jacob severely rebukes Simeon and Levi, declaring that they have made him a stench among the inhabitants of the land and fearing that this will bring about the annihilation of his entire family by the Canaanites and Perizzites. The cruel and ferocious anger of these two brothers did not receive divine approval, and resulted in a prophetic curse from their father, which caused their tribes to be divided and scattered throughout Israel without a cohesive territorial inheritance (Genesis 49:5-7). Two hundred and eighty-seven years later, the descendants of these Hivites, the Gibeonites, would remember this treacherous massacre and, in turn, use deception to protect themselves from being destroyed by the tribes of Israel (Joshua 9:7)."
 Génesis-35,"<b>[1-4]</b> The divine command to Jacob to go up to Bethel requires him to undergo a profound purification and abandon idolatry. Jacob orders his family to remove the foreign gods and purify themselves by changing their clothes. The idols and earrings, which in this context were worn in the ears and carried a connotation of pagan or superstitious affiliation, are surrendered and buried under an oak tree near Shechem (Genesis 35:4). This oak tree is possibly the same one mentioned later in the time of Joshua (Joshua 24:26).<br><b>[5-8]</b> As a direct result of this obedience, a “terror of God” falls upon the neighboring cities, preventing the people from pursuing Jacob’s sons in retaliation for the recent massacre at Shechem. Upon arriving at Luz, Jacob builds an altar and names the place El-bethel (Genesis 35:7), theologically placing the God of the house above the house of God. In this same passage, Deborah, Rebekah's nurse, dies and is buried under an oak tree called Allon-bacuth, meaning ""the oak of weeping."" [9-15] God appears again to Jacob, reaffirming the change of his name to Israel and confirming the unconditional Abrahamic covenant, guaranteeing that nations and kings would come from his lineage, and ensuring the literal possession of the land for his descendants (Genesis 35:11-12). Jacob erects a stone pillar and pours a drink offering and oil upon it. The libation is an offering that is invariably poured out and never drunk, according to biblical commands (Exodus 29:40; Leviticus 23:13).<br><b>[16-20]</b> The narrative describes the birth of Jacob's last son and the tragic death of Rachel. The expression ""her soul departing, for she died"" (Genesis 35:18) conclusively establishes the reality of the conscious departure of the soul from the body, refuting materialistic doctrines of soul sleep or those that equate the grave (""qeber"") with the individual's spiritual destiny. Before dying, Rachel calls the child Ben-oni (son of my sorrow), but Jacob names him Benjamin (son of my right hand). Benjamin, the son of the right hand, will later be united with Judah to form the political house of Judah. The burial site is marked near Ephrath, the original name of Bethlehem (Genesis 35:19).<br><b>[21-22]</b> Reuben, the firstborn, commits incest by sleeping with Bilhah, his father's concubine. This transgression results in the irrevocable loss of his birthright rights, which included the priesthood, kingship, and double portion (1 Chronicles 5:1). The scripture simply records: ""and Israel heard of it"" (Genesis 35:22). This action follows a historical pattern where the seed of the firstborn is corrupted.<br><b>[23-26]</b> A complete list of the twelve patriarchs is presented. The record indicates that these are the sons ""who were born to him in Paddan-aram"" (Genesis 35:26). Although Benjamin was geographically born in Canaan, he is included under this general statement. This demonstrates the style of summarization employed by the Holy Spirit, which prioritizes genealogical order and the completeness of the patriarchal record over the technical details of the exact geographical location of each birth.<br><b>[27-29]</b> Jacob is reunited with Isaac at Mamre, also known as Arba or Hebron. Isaac reaches the age of one hundred and eighty years (around 1716 BC), being the last patriarch to record such longevity. The text specifies that ""And Isaac breathed his last and died; and was gathered to his people"" (Genesis 35:29). This sequence declares that the patriarch was reunited with his people in the spiritual realm before Esau and Jacob proceeded to bury his physical body in the cave, ratifying the immediate separation of the soul and body at the moment of physical death."
 Génesis-36,"[1-5] The narrative lists the wives of Esau, who is Edom. The name Eliphaz means ""strength of God"" or ""my God is strong"" and is directly associated with the Temanite who later appears in the narrative to comfort Job (Job 2:11). [6-8] Esau separates from Jacob and settles in Mount Seir. The separation is due to the vast amount of wealth and livestock they both possessed, which made it impossible for the land to sustain them together, establishing a direct parallel with the historical and geographical separation between Abraham and Lot. From this point on, Esau's territory is consolidated and permanently identified as Edom. [9-14] The generations of Esau are detailed at length. Among the descendants of Eliphaz, Teman stands out, who gives his name to a province in northern Idumea and whose name means ""scorched by the sun."" The city of Teman figures prophetically as an object of judgment on the route of the Second Coming (Habakkuk 3:3). Likewise, Amalek, son of Timna (Eliphaz's concubine), is mentioned, whose name and lineage typify the flesh and constitute a perpetual enemy of the chosen people throughout the Old Testament (Exodus 17:8-16; 1 Samuel 15:1-3).<br><b>[15-19]</b> The hierarchical structure of Esau's descendants is organized into ""dukes"" or territorial chiefs. Higher criticism has considered this list a textual error, assuming that the dukes mentioned are grandsons and not direct sons, and demanding a correction of the text. However, the patriarchal chronology, where lifespans were considerably longer, allows for the coexistence of multiple generations simultaneously assuming political and military leadership roles without contradicting the genealogical record. [20-24] The genealogy of Seir the Horite is introduced. The Horites inhabited rugged terrain and caves and were historically connected with the fallen giants, the Rephaim, and the Nephilim (Deuteronomy 2:10-12). Esau intermarried with this race by taking Oholibamah as his wife. In verse 24, Anah is recorded as having discovered the mules in the wilderness. This unusual finding is typologically associated with the land of the Horites, a territory that in the Millennium will become a lake of fire for the execution of divine judgment (Isaiah 34:6-10; Revelation 20:14).<br><b>[31-39]</b> The text lists the kings who reigned in Edom before there was a king in Israel. The early mention of the monarchy is not an anachronism or a later addition, but rather reflects Moses' firm prophetic knowledge that Israel would have a king (Deuteronomy 17:14-20) and the unconditional promise made to Jacob that kings would come from his loins (Genesis 35:11). Among the places of these reigns, Bozrah stands out, whose namesake region will serve as a refuge for the Jews during the Tribulation and is located on the direct route of the Advent (Micah 2:12; Isaiah 63:1).<br><b>[40-43]</b> The final list of the dukes of Edom represents the final governmental condition of the territory, once the descendants of Esau conquered and possessed the land completely, expelling the original Horites (Deuteronomy 2:12). The precision of the record, indicating their dwellings and possessions, testifies to the definitive formation of Edom as an adversarial nation that will occupy a central place in eschatological events."
 Génesis-37,"<b>[2-4]</b> Joseph brings his father a bad report about his brothers, which establishes a typological parallel with Christ testifying to the evil works of the world (John 7:7). Israel loves Joseph more than all his other sons, foreshadowing the Father's love for his beloved Son (Matthew 17:5). This favoritism and the multicolored tunic provoke the hatred of his brothers, just as Christ was hated without cause (John 15:24-25). The multicolored tunic indicates a distinctive garment and should not be altered to ""many pieces"" as some textual critics erroneously suggest based on the garment's deterioration or translations unrelated to the text.<br><b>[5-11]</b> Joseph's dreams reveal his future exaltation. The first dream, where the sheaves bow down to her sheaf, typifies Christ's millennial dominion over his earthly brothers and their humility in bowing before him (Philippians 2:6-11; Luke 19:14). The second dream provides the key to direct biblical interpretation of the woman's vision in Revelation 12:1-2. The patriarchal text clarifies that the sun represents Jacob or Israel, the moon Rachel, and the eleven stars Joseph's brothers, with Joseph being the twelfth star. This indisputably identifies the woman of Revelation 12 as the nation of Israel, refuting interpretations that attempt to present her as the church or as Mary. The brothers' envy emerges as the root sin that would later lead to Christ's betrayal and crucifixion (Mark 15:10). In Hebrew, a dreamer of this magnitude is called ""Baal Hachalomoth,"" which means master of dreams.<br><b>[12-17]</b> Joseph is sent by his father from the Hebron Valley to search for his brothers and is found wandering in the fields. Typologically, the fields represent the world (Matthew 13:38). The search for his brothers illustrates the Son of Man coming to seek and save what was lost (Luke 19:10), being sent specifically to the lost sheep of the house of Israel (Matthew 15:24).<br><b>[18-24]</b> The brothers' conspiracy from afar to kill Joseph foreshadows the conspiracy against Jesus Christ. They plan to lie about his death, attributing it to a wild beast. Reuben intervenes to try to free him and restore him to his father, an effort that typologically resembles Nicodemus's defensive action in the New Testament, who similarly attempted to intercede for Christ (John 7:50-51).<br><b>[25-28]</b> The passing caravan is composed of Ishmaelites and Midianites, both Arab groups descended from Abraham who were distinguished by their use of earrings (Judges 8:24-26). It is Judah who suggests the idea of ​​selling Joseph, a direct foreshadowing of Judas Iscariot betraying Christ to the Gentiles for a price. Joseph is sold for twenty pieces of silver, the exact price stipulated under the law for a young slave of his age (Leviticus 27:5), as he was not yet old enough to be worth the thirty pieces of silver for an adult slave. [29-36] The brothers stain Joseph's tunic with the blood of a young goat to deceive their father, typologically alluding to Christ's blood-stained garments (Isaiah 63:1-6). Jacob mourns excessively and refuses to be comforted, demonstrating grief for the temporary loss of his beloved son. Finally, the Midianites sell Joseph in Egypt to Potiphar, an officer of Pharaoh and captain of the guard. Egypt typologically represents the world system, and Potiphar acts as a figure of the devil in this context. Throughout this narrative, Joseph establishes himself as one of the most complete types of Jesus Christ in the entire biblical canon, foreshadowing the Savior in approximately one hundred and fifty specific details throughout his life."
 Génesis-38,"<b>[1-5]</b> The narrative temporarily shifts from the story of Joseph to focus on Judah, who goes down to Adullam and marries the daughter of a Canaanite. The names in this passage have specific meanings: Hira means ""nobility,"" Shua means ""wealth"" or ""cry for help,"" Er means ""watchful,"" Onan means ""strength,"" Shelah means ""prayer,"" and Kezib means ""deceitful."" By taking a Canaanite woman, Judah enters into a union that will bring serious problems for his offspring, introducing a pagan influence into the patriarchal family.<br><b>[6-10]</b> Judah chooses Tamar for his firstborn son, whose name means ""palm tree"" or ""upheaval."" It is highly likely that Tamar was a Canaanite, and her name is prophetically and typologically associated with the cursed city of Jericho and with the idolatrous cults of Asherah. Because of Er's profound wickedness, the Lord takes his life. Judah instructs Onan to fulfill the law of levirate marriage to raise up offspring for his brother, a moral law understood in the human conscience long before it was later codified in Deuteronomy 25:5-6. Onan, knowing that the offspring would not be his by legal right, spills his seed on the ground to avoid giving his brother an heir; this act of selfishness and rebellion displeases God, who also destroys him. [11-14] Fearing the loss of his third son, Judah commands Tamar to remain a widow in her father's house under the promise of giving the child to Shelah when he grows up. In time, Judah's wife dies, and he goes up to Timnah to shear his sheep on a restful journey after his mourning. Tamar, seeing that Shelah had grown up and had not been given a husband, removed her widow's garments, covered herself with a veil to conceal her identity, and strategically positioned herself on the road to Timnah to ensure her offspring one way or another. [15-23] Seeing her veiled, Judah mistook her for a prostitute, and the term used in the original text indicates that he assumed she was a temple prostitute (a ""Qedeshah""), revealing the patriarch's willingness to mingle with the idolatrous abominations of Canaan who devoted funds to false gods. Tamar conceived by him and cunningly demanded a seal, a cord, and a staff as collateral until Judah sent her a young goat from the flock. Later, when Judah sent his friend Hira to deliver the animal and retrieve her identifying items, Hira could not be found. To avoid the public shame of being exposed for having frequented a prostitute who also kept his garments, Judah decides to drop the matter and lose his belongings. [24-26] Three months later, upon learning that Tamar is pregnant by fornication, Judah pronounces a swift and hypocritical death sentence, declaring, “Bring her out, and let her be burned.” This punishment for such a transgression reflected the Code of Hammurabi, in section 157, as well as the later strict Levitical legislation (Leviticus 21:9). However, Tamar presents the garments irrefutably, forcing Judah to directly confront his own sin. Unlike other sinners in biblical history, Judah does not attempt to justify himself through lies or evasions, but acknowledges the truth and confesses his guilt, stating, “She is more righteous than I.” Although the messianic line (Matthew 1:3) is implicated in fornication and an incestuous act through this lamentable event, Judah's profound willingness to humble himself and confess his sin earns him the grace and right for the kingship of the Kingdom of Heaven to continue through him. [27-30] At the time of delivery, Tamar is found to be carrying twins, repeating the pattern of the birth of Esau and Jacob. During the birth, one of them puts out his hand, and the midwife hastily ties a scarlet thread to it to identify the firstborn beyond doubt, but the child withdraws his hand, and his brother is born first. The first is named Perez (""breach""), and the second is called Zerah (""splendor"" or ""shoot""). As in many instances in the patriarchal narrative, divine sovereignty completely reverses the natural order: Peres interrupts the planned birth order and inserts himself directly into the genealogy of Jesus Christ, establishing a remarkable typological exception to primogeniture."
 Génesis-39,"[1-6] Joseph is taken to Egypt and bought by Potiphar, an officer of Pharaoh and captain of the guard. The text establishes a model of conduct for the believing servant in his earthly duties (1 Timothy 6:1-3; Ephesians 6:5-6), demonstrating that the individual who is rightly related to God is spiritually free even while maintaining a condition of physical slavery (1 Corinthians 7:21-23). ​​In this section, Joseph's life extensively foreshadows that of Jesus Christ. Both were sold to the Gentiles (Zechariah 11:12-13), God was evidently with them (Acts 10:38), their works prospered through divine intervention (Isaiah 53:10), they were made administrators over the entire house (Hebrews 3:1-4), they found favor in God's eyes (Psalm 45:2), blessings extended to others because of them (Ephesians 4:32), and everything their master owned was given into their hands (Matthew 28:16-20).<br><b>[7-12]</b> Potiphar's wife attempts to seduce Joseph. By refusing to participate, Joseph acknowledges the fundamental theological principle that all sin is, at its root, a direct offense against the Creator (Genesis 39:9). This same truth is later declared by David after his transgression (Psalm 51:4) and by the prodigal son (Luke 15:18, 21), and is even acknowledged by unregenerate men like Pharaoh (Exodus 10:16) and Balaam (Numbers 22:34). Typologically, just as Joseph was tempted and refused to yield to evil, Jesus Christ faced temptation without committing any sin (Luke 4:1-10; Hebrews 4:15).<br><b>[13-18]</b> When rejected, the woman's spite transforms into a malicious and fabricated accusation. To gain the sympathy of the servants and her husband, the woman immediately appeals to racial prejudice, disparagingly pointing to Joseph as a ""Hebrew"" who was brought into the house to mock them (Genesis 39:14, 17). Just as Joseph suffered this injustice, Jesus Christ was also falsely accused by lying witnesses at his trial (Matthew 26:60).<br><b>[19-23]</b> Potiphar confined Joseph in the prison designated exclusively for the king's prisoners. Despite the confinement and the false accusations, God's presence did not depart from him, granting him favor with the prison warden (Genesis 39:21). Joseph quickly prospered in prison and assumed administrative control of the compound (Genesis 39:22-23), vividly illustrating the promise of the righteous man who bears fruit regardless of his circumstances (Psalm 1:3; Jeremiah 17:7-8). Typologically, Joseph's entry into the prison where the king's captives were bound foreshadows Jesus Christ's descent to the lowest places to deal with the captives (Isaiah 53:8; Ephesians 4:8-10; Luke 4:18)."
 Génesis-40,"[1-8] The narrative places Joseph in prison, a place where, despite being bound at night, he enjoys a degree of freedom during the day to serve the king's prisoners, specifically the cupbearer and the baker. Noticing the officials' sadness at having no one to interpret their dreams, Joseph establishes a fundamental principle of divine revelation by declaring that interpretations belong to God (Genesis 40:8). Typologically, Joseph's imprisonment alongside two offenders directly prefigures Jesus Christ, who was numbered with the transgressors and crucified alongside two criminals (Matthew 27:38; Mark 15:28). Like Joseph, Christ suffered the king's wrath while being innocent of the charges against him (Isaiah 53:1-8). Furthermore, Joseph's concern for the sorrow of the sinners around him anticipates Christ's compassion for the lost (Luke 24:17).<br><b>[9-15]</b> The cupbearer's dream involves a vine, three branches, and grapes being pressed directly into Pharaoh's cup. This detail illustrates the ""new wine"" found in the cluster (Isaiah 65:8) and typifies the pure fruit of the vine used in the Lord's Supper (Matthew 26:29), contrasting with the idea that it was fermented liquor. Joseph infallibly interprets the three branches as representing three days for the cupbearer's restoration to his former position. This three-day period between the dream and the restoration functions as a type of the three days between the death and restoration of the repentant thief in the New Testament (Matthew 12:40; Luke 23:41-43). When asking to be remembered by the cupbearer, Joseph mentions that he was stolen from the ""land of the Hebrews"" (Genesis 40:15); although technically the patriarchs were pilgrims at that time, Joseph claims the land by faith based on the divine promises made to his family. [16-23] Seeing that the previous interpretation was favorable, the baker recounts his dream of three white baskets filled with delicacies, from which the birds are eating. With this food, bread and wine are introduced in the narrative, constituting the two elements that would later form the Lord's Supper. Joseph's interpretation of this second dream, however, reveals that in three days the baker will be executed, this sentence being fulfilled exactly on Pharaoh's birthday. The instrument of death for the baker, the ""tree"" (Genesis 40:19), corresponds typologically to the cross where the unrepentant thief died. Thus, the contrasting fates of the two prisoners foreshadow the two thieves at Calvary: one is restored to life and the other is cursed under the judgment of the law (Galatians 3:13; Luke 23:39-43). Although the cupbearer is restored to his position, human weakness and ingratitude are revealed when he forgets Joseph in the king's prison. Throughout the chapter, the figure of Joseph acting as an infallible interpreter and serving the guilty points to the future work of Jesus Christ, who served his disciples (John 13:1-13) and demonstrated the supreme authority to open understanding to the Scriptures (Luke 24:45)."
 Génesis-41,"<b>[1-13]</b> The narrative jumps forward two full years until Pharaoh has a dream that the magicians of Egypt cannot decipher. The chief cupbearer, remembering his mistake, recognizes Joseph's ability to interpret dreams, thus fulfilling the divine purpose of exalting Joseph at the precise and predestined time. Pharaoh acts typologically in this context as God the Father, who will soon exalt the Son to rule.<b>[14-16]</b> Pharaoh hastily summons Joseph to present him at court. When called upon to interpret the dream, Joseph establishes a fundamental theological principle regarding revelation: interpretation does not reside in the human intellect. He clearly declares that the answer does not lie within himself, but that God will give Pharaoh an answer of peace, demonstrating that interpretations belong solely and exclusively to the sovereign Creator.<br><b>[17-36]</b> Pharaoh recounts the dreams of the cows and the ears of grain on the riverbank. The repetition of the dream in two distinct forms illustrates a literary device and an inescapable divine principle: when something is repeated, it is because it is firmly established by God, and He is quick to fulfill it (Genesis 41:32). The dreams prophesy a seven-year period of immense abundance followed by a severe seven-year famine that will consume the land.<br><b>[37-45]</b> Beginning with verse 37, the narrative presents one of the most extensive and profound Christological typologies in all of Scripture concerning exaltation after humiliation (1 Peter 1:11). Joseph is now exalted to rule over a people through his word, just as Pharaoh declares that all his people will be governed by Joseph's word. Pharaoh, acting typologically as God the Father, honors Joseph, who represents God the Son. He takes his ring from him and puts it on Joseph, an act symbolizing sonship, authority, and honor bestowed upon the Son, analogous to the ring given to the prodigal son upon his return (Luke 15:22). He clothes him in garments of fine linen, a material that in Scripture represents righteousness (Revelation 19:8; Revelation 6:11), typifying God bestowing His righteousness upon Jesus Christ (Romans 10:1-4). He places a gold chain around his neck, where gold symbolizes deity, foreshadowing that Jesus Christ was God manifested in the flesh (1 Timothy 3:16). Finally, he has him ride in the second chariot and commands everyone to bow down before him, directly foreshadowing the future exaltation in which every knee will bow at the Name of Jesus (Philippians 2:9-10). Adding to this honor, Joseph receives as his wife Asenath, daughter of Potiphera, priest of On. Asenath, appearing strictly as a Gentile bride, had nothing to buy nor possessed any merit of her own to be joined to him; she was given to Joseph by grace (John 17:6-8), just as Joseph was given to her in a sacrificial offering (John 3:16).<br><b>[46]</b> The record specifies exactly that Joseph was thirty years old when he stood before Pharaoh to assume power. This corresponds precisely to the age of Jesus Christ at the official start of His earthly public ministry, the moment when God anointed Him for His messianic work (Luke 3:23).<br><b>[47-52]</b> During the years of abundance, before the famine, two sons were born to Joseph, whose names would prophetically magnify the work of Jesus Christ in the future. The firstborn, Manasseh, means ""forgetfulness."" The reason for this name reflects how God made him forget all his affliction and the pain of his father's house, establishing a direct doctrinal correlation with the fruits of the Messiah's suffering and Israel's temporary displacement from its position (Isaiah 53:11; Isaiah 63:16). The second son, Ephraim, means ""fruitful"" or ""double land."" This points to the fruitfulness and harvest that springs up in the land of affliction, serving as a direct foreshadowing of the spiritual fruit that comes from Christ's redemptive sacrifice (John 12:24; 1 Peter 2:21-24; Isaiah 63:9).<br><b>[53-57]</b> The seven years of abundance end, and the predicted famine begins to ravage the land of Egypt and all the surrounding lands. The chapter culminates by revealing Joseph in complete control of the storehouses, the sole steward of bread when no one else has any sustenance, establishing a parallel with Christ as the unique Bread of Life (John 6:35). Faced with the Egyptian people's cries for food, Pharaoh imperatively directs them to Joseph, ordering them to do everything he tells them. Typologically, Joseph's position demonstrates the Lord's control over the divine storehouses (Malachi 3:10; Matthew 13:52) and the Father's supreme instruction to go inevitably to the Son to obtain life in the midst of total lack."
 Génesis-42,"<b>[1-4]</b> The account indicates that Jacob sends his ten sons to Egypt because of a severe famine, but keeps Benjamin with him. Typologically, a severe famine or need is required to show the sinner his spiritual need (Amos 8:11). However, in his initial search, the sinner goes to the wrong place, to Egypt, which is a type of the world system, and approaches Joseph, a type of Christ, with the intention of buying, rather than seeking sustenance as a free gift through grace (Isaiah 55:1-2).<br><b>[5-9]</b> The brothers bow down before Joseph, which causes him to recall the prophetic dreams of his youth (Genesis 37:7-8). It is important to note that in the original dreams, eleven brothers are mentioned bowing down, whereas in this initial event there are only ten. This is the technical reason behind Joseph's stern demand to see the younger brother before considering the dream fulfilled (Genesis 42:15). Joseph accuses them of being spies, not out of a simple desire for revenge or spite, but to obtain a genuine sign of repentance and contrition. This entire interaction vividly illustrates the order of salvation and God's dealings with the human soul. [10-17] The brothers attempt to justify themselves by listing their family lineage and zealously defending their integrity. Doctrinally, the sinner usually takes a defensive stance, justifying himself by his ancestry or extenuating circumstances, but God insists on his inherent guilt regardless of his arguments (Romans 2:15). The three days the brothers spend in prison represent the individual under deep conviction, having a designated period to contemplate their transgressions and realize that they are counted among the transgressors in the eyes of sovereign authority. [18-24] On the third day, Joseph releases them but keeps Simeon as a hostage to ensure their return. The pressure on the brothers' consciences leads them to confession and acknowledgment of their historical guilt regarding Joseph's bloodshed. They clearly recognize that they are reaping judgment for what they sowed in the past. Joseph, understanding their language without their knowledge that no such language barrier exists, withdraws and weeps in secret (Genesis 42:24), which shows divine compassion and mercy toward a broken spirit, before reappearing before them in a stern manner. [25-28] Joseph orders their sacks to be filled with wheat and their money returned to them in the mouths of the sacks. Here the sinner experiences his first direct contact with grace, an undeserved favor. Upon discovering the money in the inn, their hearts melt with fear, and they ask, “What is this that God has done to us?” (Genesis 42:28). It is in this moment of anguish that they cease attributing their circumstances to luck, chance, or fate, and begin to see the direct intervention of the Creator in their lives. Nevertheless, the grace received and the money returned place them in the inescapable position of being considered thieves if discovered, underscoring that before God every human being is under condemnation, guilty of transgression, and falls short of His glory (Romans 3:22-23). ​​[29-38] The brothers return to Canaan and meticulously recount everything that happened to their elderly father. As they empty the sacks and see all the money returned, fear grips both them and Jacob. Jacob concludes in bitter despair that all these adversities are working against him (Genesis 42:36). This reflects the inescapable principle that the believer also infallibly reaps what he sows (Galatians 6:7); Jacob is reaping the desolation resulting from his own deceptions, cunning, and carnal favoritism of years past. Faced with Reuben's impulsive offer to give up the lives of his own sons if he does not return Benjamin, Jacob flatly refuses, declaring that if any harm should befall the young man on the journey, they would send his gray hair down in sorrow to the grave, ""Sheol,"" or the world of the dead."
 Génesis-43,"[1-2] The severe famine in the land of Canaan forces Jacob to instruct his sons to return to Egypt for food. This directive contradicts his previous stance of not letting Benjamin go under any circumstances (Genesis 42:38). Theologically, this illustrates how God uses physical need and hunger to break the stubborn will of the individual and compel him to seek blessing. [8-10] Judah intervenes and offers himself as surety for Benjamin's life, assuming perpetual guilt if he does not return him safely. In biblical typology, the sinner cannot obtain life until he is willing to accept guilt and rely on a surety. However, the family still displays an element of self-righteousness and carnal self-sufficiency, as they attempt to secure provision by purchasing it with their own resources rather than receiving it as a gift (Genesis 43:11-12). [11-14] Israel agrees to the departure and sends gifts of the finest fruits of the land: balm, honey, spices, myrrh, nuts, and almonds, along with double the amount of money to appease the governor of Egypt. In commending his sons, he uses the title ""God Almighty,"" El Shaddai, the name of the covenant God had previously revealed to him at Luz (Genesis 35:11), marking the first time in the narrative that Jacob uses this title in his own speech. The phrase ""and I, like a forsaken son, forsaken son"" demonstrates the balance of the true believer: a fatalistic submission to adverse circumstances combined with the full recognition that God has the power to alter the situation and show sovereign mercy. [15-25] Upon arriving in Egypt, the invitation to enter Joseph's house produces deep terror in the brothers, who interpret the act as a trap to enslave them because of the money previously returned in their sacks. The steward lies to them to reassure them, claiming that he had received the money and that their God had given them that treasure. Simeon is freed, and the men wash his feet before the meal (Genesis 43:24). This underscores that external cleansing rituals and religious formalism do not adequately prepare the sinner to have communion and sit at the table with the Savior without an internal cleansing of the heart. [26-31] The brothers prostrate themselves on the ground before Joseph, partially fulfilling the prophecy of his youthful dreams (Genesis 37:7-8). Upon seeing Benjamin, his only full brother, Joseph pronounces a blessing and must hastily withdraw to his chamber to weep because of the intense emotional turmoil. [32] Three separate tables are set: one for Joseph, one for his brothers, and a third for the Egyptians. The text explicitly states that the Egyptians considered it an abomination to eat with the Hebrews. Historically, this rejection stemmed from the fact that the Hebrews sacrificed sheep, which were sacred or unacceptable in Egyptian pagan rites. Since Egypt operates as a type of the world throughout Scripture, this separation foreshadows the worldly system's perpetual rejection of the Lamb's blood and the Good Shepherd (John 10:1-28).<br><b>[33-34]</b> The arrangement of the seats according to the exact order of birth deeply astonishes the brothers, who cannot comprehend how the governor of Egypt possesses such intimate and detailed knowledge of his family. Benjamin's portion of food turns out to be five times larger than the rest. This specific action is intended to test the hearts of the older brothers to see if they would manifest toward Benjamin the same murderous envy they had shown toward Joseph twenty years earlier. By showing no jealousy, the brothers demonstrate a degree of moral reformation, and the chapter concludes on a note of temporary reconciliation and feasting as they drink and rejoice in his presence."
 Génesis-44,"<b>[1-7]</b> The narrative describes the inescapable trap Joseph sets for his brothers by ordering his silver cup to be placed in Benjamin's sack. After the banquet and the affable treatment they received earlier (Genesis 43:34), the brothers set out on their journey with a false sense of security, unaware of the Egyptian governor's intentions and without checking his luggage. Typologically, this scene illustrates a crucial stage in the individual's spiritual process: the transition from superficial peace and carnal security to a direct and inescapable confrontation with guilt and personal responsibility before God.<br><b>[8-12]</b> When confronted by the steward, the brothers defend their integrity by appealing to their past honesty (Genesis 44:8). This verbal defense exposes the constant tendency of human nature to rely on its own righteousness while ignoring greater crimes committed in the past (Genesis 40:15). The brothers willingly propose the death penalty and slavery as just punishment (Genesis 44:9) only because they are completely confident in their own innocence. The text illustrates profound doctrinal truths about conviction of sin: man is trapped and condemned by the words of his own mouth (Matthew 12:37; Luke 19:22), and he inevitably faces the One who searches hearts and knows the mind of the Spirit (Jeremiah 17:10; Romans 8:27). The account clearly shows that individuals often fear making moral judgments because, in doing so, they demonstrate an inherent knowledge of good and evil that ultimately condemns them in the eyes of their own conscience. [13-17] The brothers tear their clothes in despair and return to the city, prostrating themselves on the ground before Joseph. In this act, the prophetic dreams Joseph had in his youth concerning the submission of his brothers are fulfilled (Genesis 37:7-8). Judah, acting as the group's spokesperson, does not attempt to make excuses or justify the family, but openly confesses: ""God has found out the wickedness of your servants"" (Genesis 44:16). This surrender marks the definitive breaking of their pride and the acknowledgment of collective guilt, an indispensable theological step for the transgressor to experience grace. [18-34] This section presents one of the most moving intercessions in Scripture, completing the typological picture of the sinner's conversion and foreshadowing the future contrition and restoration of the nation of Israel at the end of the Great Tribulation. Judah approaches Joseph and voluntarily offers himself as a substitute slave to receive the punishment intended for Benjamin, vicariously assuming the burden to save his brother and prevent grief from leading his father to the grave (Genesis 44:33-34). Having humbled himself years earlier by confessing that a Canaanite prostitute was more righteous than he (Genesis 38:25-26), Judah humbles himself again in this moment of extreme crisis. As a direct result of these humiliations and his willingness to sacrifice himself for another, divine sovereignty exalts Judah to make it the preeminent tribe from which the kings of the Kingdom of Heaven will come (Genesis 49:10). The chapter as a whole demonstrates theologically that it is impossible to truly know the Savior and have fellowship with Him without confronting the reality of sin and assuming personal responsibility through total brokenness."
 Génesis-45,"[1-4] The narrative describes the moment when Joseph can no longer contain himself and reveals himself to his brothers, ordering all Egyptians to leave his presence. In biblical typology, this scene powerfully illustrates the future revelation of Jesus Christ to the nation of Israel at the end of the Tribulation (Zechariah 12:10; Zechariah 13:6; Isaiah 61-64), when He will manifest Himself directly to His brothers. It also represents the process of the sinner's conversion, where Christ reveals Himself personally as the friend of tax collectors and sinners (John 15:15) and the brother of all who obey Him (Mark 3:35). This personal revelation is absolutely essential, since no one will ever know God unless the Son chooses to reveal Him directly (Matthew 11:27; Galatians 1:15-16). At first, the brothers are troubled and terrified in his presence, faithfully reflecting the attitude of the convicted sinner when confronted by the majesty of God (Job 42:1-6). [5-8] Joseph comforts his brothers by declaring that, although they sold him with wicked intentions, it was God who sent him ahead to preserve life through a great deliverance. This passage constitutes one of the clearest examples in Scripture where the sovereignty of God and the free will of man operate simultaneously, in a coordinated and intertwined manner, without either doctrine losing its fundamental qualities, just as the wrath and machinations of men fulfilled the divine plan in the crucifixion of Christ (Acts 2:23; Luke 17:1). Furthermore, by claiming that God has made him Pharaoh's father, Joseph assumes the role of counselor and religious guide in the court (Judges 17:10), establishing himself as a type of the great High Priest (Hebrews 3:1-2), while also operating as an infallible prophet and supreme ruler. [9-15] Joseph instructs his family to move to the land of Goshen, a fertile region ideal for grazing near Heliopolis, also known as the land of Rameses. He promises to provide for them during the remaining five years of the great famine. This section presents multiple figures of Christ's work; just as Joseph commissions his brothers to go and proclaim the good news that he lives and has authority over all Egypt, the saved sinner receives the command to go and share the message of the living Savior with others. Likewise, the text demonstrates that true intimate communion with the Lord does not begin until after the individual receives revelation and genuinely accepts it (Genesis 45:15).<br><b>[16-24]</b> Pharaoh is deeply pleased by the arrival of Joseph's brothers and supports the plan to bring Jacob, ordering that wagons be provided for the families' transport and urging them not to cling to their temporary possessions, since the best of all the land of Egypt would be theirs. When provisions are distributed, Benjamin is given three hundred pieces of silver and five sets of clothing, which again links him to the number five, typologically associated with death in Scripture.<br><b>[25-28]</b> The brothers return to Canaan and announce to their elderly father that Joseph is alive and ruling over all Egypt. Jacob's heart initially melts with disbelief upon receiving such overwhelming news after twenty-two years of uninterrupted mourning. However, upon hearing all his son's words and, particularly, upon seeing the chariots and goods that he had sent from the Egyptian court, Jacob's spirit revived. It is noteworthy to observe that his spiritual reactivation stemmed from walking by sight and not by absolute faith, finding comfort in contemplating the material provisions, the food, and the transport."
 Génesis-46,"[1-4] Jacob seeks God first and offers sacrifices before making his final plans to descend to Egypt. In the night visions, God calls him by name twice, a pattern of divine calling that is repeated with other biblical figures throughout Scripture. Unlike Abraham and Isaac, for whom the descent to Egypt brought severe hardship (Genesis 12; Genesis 26), Jacob receives explicit divine approval and the promise: “I will go down with you to Egypt.” This promise establishes the spiritual principle that the believer is safe in the world as long as the Lord remains with him (1 John 4:4). The phrase ""Joseph will lay his hand on your eyes"" indicates the promise that his beloved son would be at his bedside to gently close his eyes at the moment of his death.<br><b>[5-7]</b> Jacob descends to Egypt with all his descendants, thus fulfilling the prophecy previously given to Abraham that his descendants would be foreigners and afflicted in a foreign land (Genesis 15:13).<br><b>[8-27]</b> The extensive genealogical list presents apparent numerical discrepancies that are resolved congruently upon careful examination of the details of the text. The passage mentions sixty-six people, then seventy, and later in the New Testament, seventy-five are mentioned (Acts 7:14). The number sixty-six refers exclusively to the souls who came from Jacob's loins and physically entered Egypt with him on that journey, excluding Er and Onan, who had already died in Canaan, as well as Joseph, Ephraim, and Manasseh, who were already residing in Egyptian territory. The number seventy is reached by adding Jacob, Joseph, and Joseph's two sons to the previous group. The figure of seventy-five, cited by the martyr Stephen, includes the wives of Jacob's sons and other relatives who complete ""all his kindred."" Additionally, the record emphasizes the primary genealogical order rather than the chronological rigor of the exact moment of the journey, which is why it includes Judah's grandsons (Hezron and Hamul), who must have been born later in Egypt. [28-30] Judah is sent ahead as a forerunner to Goshen, whose name means ""to approach."" Jacob's physical reunion with Joseph, after more than two decades of uninterrupted mourning, is typologically similar to Job's final restoration (Job 42:10). This event foreshadows the condition of the nation of Israel at the end of the Tribulation, when its profound historical losses are finally restored by divine grace. Satisfied and comforted, Jacob declares himself ready to die now that he has verified that his son is still alive. [31-34] Joseph strategically instructs his brothers to declare to Pharaoh that their occupation is shepherding, forewarning the cultural reality that ""the Egyptians detest all shepherds."" This strong abhorrence was not solely due to social prejudices or historical resentments toward invading kings, but to a profound religious clash: the Hebrews sacrificed sheep and showed no reverence for cows, which the Egyptians venerated as sacred. In essence, the idolatrous Egyptian could not tolerate the blood of the lamb. Since Egypt consistently operates as a type of the world system throughout Scripture, this passage illustrates the perpetual enmity the world professes toward the Good Shepherd (John 10:1-28) and toward the Lamb of God who takes away the sin of the world."
 Génesis-47,"[1-6] Joseph presents five of his brothers to Pharaoh. The number five figures prominently in Joseph’s ministry throughout this narrative (Genesis 47:2, 24). The brothers are granted permission to live in the land of Goshen, and the Egyptian monarch demonstrates such confidence in Joseph’s administration that he asks him to appoint capable men from among his brothers to oversee his own livestock. This governmental provision proves providential for the patriarchal family, since the pastures in Canaan had been unproductive during two years of famine. [7-10] Jacob is presented to Pharaoh. Instead of adopting a servile posture or attempting to buy favors, the patriarch assumes his prophetic role before the Gentile ruler and blesses him directly (Genesis 47:10). His statement that the days of his wandering have been ""few and evil"" (Genesis 47:9) accurately reflects the harsh reality of the consequences of his past deceptions and family conflicts. At 130 years old, his longevity had not yet reached that of his ancestors, since Isaac lived 180 years and Abraham 175. Eventually, Jacob would live 17 years in Egypt and die at the age of 147 (Genesis 47:28).<br><b>[18-26]</b> During the fifth and sixth years of the famine, the population is forced into a state of absolute state dependency, where the government assumes formal control of the land and the bodies of its citizens to preserve them from starvation (Genesis 47:19-20). This condition, in which the inhabitants surrender their possessions to the supreme leader for sustenance, foreshadows the earthly circumstances of absolute governmental control that will prevail during the Tribulation period (Revelation 13:16-17). The fifth, or 20 percent, tax established by Joseph as an agrarian statute (Genesis 47:24) is not a tyrannical slave tax, but a fair administrative arrangement that allowed farming families to subsist through the provision of seeds. The command to move the people to the cities (Genesis 47:21) was logistically intended to concentrate the population near granaries and food distribution centers, not to subject them to oppressive slavery, contrary to textual alterations in manuscripts such as the Septuagint that erroneously suggest Joseph made them captive servants. [27-31] Israel dwells in Goshen and multiplies greatly (Genesis 47:27). As the time of his death drew near, Jacob required Joseph to swear a solemn oath not to bury him in Egypt, but in the land of his fathers in Canaan, demonstrating his continued faith in the covenant promise concerning the land (Genesis 47:29-30). This procedure under oath is similar to the one Abraham had previously required of his servant Eliezer. Verse 31 states that Israel bowed down in worship at the head of his bed. Historically, Alexandrian scribes altered this passage in the Septuagint translation to force an artificial concordance with the reading of Hebrews 11:21, changing the term ""bed"" to ""staff,"" a mistranslation later used doctrinally by Catholicism to attempt to justify the veneration of images through inanimate objects. In correct biblical hermeneutics, the events of Genesis 47:31 and Hebrews 11:21 are entirely distinct incidents; The worship leaning on the end of his staff mentioned in Hebrews corresponds to a chronologically later moment, precisely when Jacob prophetically blesses Joseph's two sons (Genesis 48:1-14)."
 Génesis-48,"<b>[1-7]</b> The narrative describes Jacob as ill, receiving a visit from Joseph and his two sons, Manasseh and Ephraim. Jacob struggles to sit up in bed and recalls the divine appearance at Luzah, referring to the Creator as ""God Almighty"" or El Shaddai. In an act of profound legal and prophetic significance, the patriarch claims Ephraim and Manasseh as his own sons, equating them in status with Reuben and Simeon. This action constitutes the transfer of the double portion of the birthright to the line of Joseph (1 Chronicles 5:1-2), replacing Reuben and Simeon because of the grave sins the latter had previously committed (Genesis 34:25; Genesis 35:22).<br><b>[8-12]</b> With his eyesight clouded by old age, Israel inquires about the identity of the young men, who by this time would have been around twenty-five or twenty-six years old. As they approach, Jacob kisses and embraces them, in a scene that echoes the actions his own father, Isaac, performed decades earlier when imparting the blessing (Genesis 27:22, 27). When Joseph removes them from between his knees, Jacob leans forward on his staff with his face to the ground and worships (Hebrews 11:21; Genesis 48:12). The text establishes that it is in this exact context, and not before, that the staff-leaning worship mentioned in the New Testament occurs, refuting the alterations of corrupted manuscripts that attempt to place this act in Genesis 47:31. [13-20] Joseph arranges the young men so that Manasseh, the firstborn, is on Israel's right hand, and Ephraim, the youngest, on his left. However, the patriarch deliberately crosses his hands. By blessing them, he acknowledges that the Lord has fulfilled the part of the covenant he himself had conditioned years before (Genesis 28:20) and mentions the ""angel who keeps me safe from all harm,"" presenting a figure closely related to that of a guardian angel (Revelation 1:20). Joseph is displeased to see his hands folded and tries to correct his father, but Jacob refuses, prophetically stating that although Manasseh will be a great nation, his younger brother will be greater than he. Historically, Ephraim's preeminence over Manasseh is verified in the first desert census (Numbers 1:33, 35), and over the centuries, the name Ephraim came to be used synonymously to represent the ten northern tribes during their times of apostasy (Hosea 4:17; Hosea 5:9).<br><b>[21-22]</b> In his final statement of the chapter, Israel assures Joseph that God will bring them back to the land of their fathers, a promise based on the oral revelation passed down from Abraham (Genesis 15:14). Finally, Jacob grants Joseph an additional ""portion"" over his brothers, acquired with his ""sword"" and his ""bow."" The Hebrew term used here for portion is ""Shekem,"" which literally translates as ""shoulder,"" and is used in Scripture to refer to war booty carried on the shoulders. This portion should not be confused with territorial possession, nor with the city of Shechem, nor with the peaceful event of the purchase of the field (Genesis 33:19), much less with the massacre perpetrated by Simeon and Levi from which Jacob completely disassociated himself (Genesis 34; Genesis 49:5-6). None of Jacob's descendants would receive portions of land until two hundred and fifteen years later, under the leadership of Joshua. The true inheritance of the believer in his earthly pilgrimage is an ""incorruptible inheritance"" that does not fade away (1 Peter 1:4)."
 Génesis-49,"<b>[1-2]</b> On his deathbed, the patriarch outlines the details of prophetic history more than 3,600 years in advance. The chapter covers the two comings of Jesus Christ, the figure of the Antichrist, the future of the twelve tribes of Israel, and the designation of the tribe that will hold royal dominion.<br><b>[3-4]</b> Reuben, being the firstborn, was destined to be the strength, the beginning of vigor, and the excellence of Israel. However, because of his sin of incest (Genesis 35:22), he irrevocably loses the material, priestly, and royal blessings, which pass to Joseph, Levi, and Judah, respectively. The phrase ""unstable as water"" accurately describes his weakness of character and subsequent moral decline, illustrating the inescapable principle of sowing and reaping. [5-7] Simeon and Levi receive a severe rebuke. The ""weapons of iniquity"" refer directly to the swords used in the vengeful massacre of Shechem (Genesis 34:25), a crime from which Jacob completely absolves himself and disassociates himself. The action described as tearing down a wall indicates an aggressive act of violence against property, in contrast to the alterations of corrupt texts that erroneously suggest they hamstrung oxen (Genesis 34:28-29). As divine judgment, both tribes suffer dispersion; Simeon becomes the smallest tribe of Israel, and Levi is scattered throughout the nation without a continuous inheritance of his own. [8-10] The preeminence and monarchical honors fall sovereignly upon Judah, establishing the lineage from which the true King of the Kingdom of Heaven will come. Judah is exalted to this position of leadership after having humbled himself on previous occasions, taking his own guilt (Genesis 38:26) and offering himself as a substitute for his brother (Genesis 44:18-34). The prophecy guarantees that the scepter and the lawgiver will not depart from Judah until ""Shiloh"" (the Peaceful One) comes, securing the tribe's authority until the coming of the Messiah. [11] The two comings of Jesus Christ are condensed into a single verse, separated only by a punctuation mark. Tying the donkey to the vine foreshadows the Triumphal Entry during his first earthly coming (Matthew 21:4-11). Immediately afterward, the image of washing his garments in the wine and blood of the grapes prophetically points to his second coming, when the Messiah will tread the winepress of God's wrath and his garments will be stained with the blood of his enemies in the eschatological conflict (Isaiah 63:1-4; Revelation 14:18-20, 19:13).<br><b>[13]</b> Zebulun's territorial portion extends from Galilee to the ports of Phoenicia, literally fulfilling the declaration that it would be a ""port of ships"" and would dwell on the shores of the sea.<br><b>[16-17]</b> Extremely grim prophecies surround the future of the tribe of Dan. He is compared to a poisonous snake on the road that bites the heels of horses, typologically linking this tribe with Satan and the Antichrist (Genesis 3:15). Historically, Dan is the first tribe to fall fully into apostasy and systematic idolatry, and in the coming Tribulation period, it is not included in the list of tribes sealed for divine protection (Revelation 7).<br><b>[18]</b> The exclamation ""I have waited for your salvation, O Lord"" (King James Version) places the speaker doctrinally and eschatologically at the end of the Great Tribulation period, awaiting the ultimate deliverance that comes with the visible return of the Lord (Matthew 24:13).<br><b>[22-26]</b> Multiple and extensive blessings are heaped upon the head of Joseph, who is described as a fruitful bough by a spring. In its spiritual application, it represents the believer who remains in Christ and bears unceasing fruit despite being hated and attacked by the ""archers"" (a figure of persecution that also prophetically points to the events of the Tribulation). In verse 24, another separation of the two advents is observed by means of a typological comma: the ""shepherd"" is mentioned (referring to the first advent, John 10:11), as well as the ""rock of Israel"" (referring to the second advent, the stone that crushes the nations in Daniel 2:34, 45). Joseph is exalted and crowned with blessings of heaven and earth because he previously took the place of a servant, resisted temptation, forgave his brothers from the heart, and ruled without oppressing the people. [33] Having completed his prophetic instructions, Jacob draws his feet up into the bed and dies. The text accurately states that ""he was gathered to his people"" at the time of his departure, an event that occurs at least seventy days before his physical body is laid in the cave of Machpelah (Genesis 50:3). This temporal sequence conclusively demonstrates the biblical doctrine that the soul separates and has an immediate conscious destiny before the physical body is buried, refuting notions that erroneously equate the grave with the final abode of the soul."
 Génesis-50,"[1-3] Joseph weeps and kisses the face of his deceased father. Egyptian physicians embalm Israel, a process that took forty days and historically included the removal of organs and the use of spices to preserve the physical body. The book of Genesis, which begins gloriously with the Creator of life, moves toward its conclusion with the inescapable reminder of God's judgment on sin, where the flesh returns to the dust of the earth. [4-6] Joseph recounts the oath he swore to his father and asks Pharaoh for permission to go and bury him. The mention of the term ""grave"" in verse 5 refers exclusively to a hole dug in the ground or a niche in a cave (from the Hebrew word ""keberi""), and has no connection whatsoever with Sheol or Hades. This maintains the doctrinal precision of the biblical text, clearly separating the temporal destiny of the physical body from the conscious destiny and dwelling place of the soul. [7-14] A vast funeral procession leaves Egypt for Canaan. Unlike the nation's future exodus under Moses' leadership, on this occasion the Israelites leave the children and flocks in the land of Goshen. They arrive at the threshing floor of Atad, where the mourning is so profound and evident that the Canaanites observe the scene and name the place Abel-mizraim. Finally, Jacob's sons fulfill his instructions by burying him in the cave in the field of Machpelah, the same place Abraham had acquired for his family. [15-18] After the funeral and on their return to Egypt, guilt resurfaces in the consciences of Joseph's brothers. They fear that, now that Jacob's protective influence is gone, Joseph will seek revenge for the wrong they did to him decades ago. They send a message claiming that Jacob, before dying, asked Joseph to forgive his brothers' transgression. However, Joseph's reaction—weeping upon hearing this—shows that he had already forgiven the offense from the heart long before and harbored no resentment that needed to be appeased. The brothers then prostrate themselves before him, offering themselves willingly as his servants. [19-21] Joseph comforts them with the words, ""Do not be afraid: Am I in the place of God?"" He then practically articulates the theological principle that is later codified in the New Testament. This passage irrefutably demonstrates how the anger and wicked schemes of men are used by divine sovereignty to accomplish redemptive purposes, foreshadowing exactly how the evil perpetrated against Jesus Christ at Calvary culminated in the salvation of humanity (Acts 2:23; Romans 8:28). In his forgiving attitude, Joseph comforts and speaks kindly to his people, foreshadowing Jesus Christ restoring his own. [22-26] Joseph lives to the age of one hundred and ten and sees the third generation of his descendants. Before he dies, he makes the children of Israel swear that they will carry his bones out of Egypt at the time of God's visitation, a promise of faith (Hebrews 11:22) that is faithfully fulfilled under Moses (Exodus 13:19). Typologically, Egypt represents the system of this world. Just as Joseph's bones were taken out of there, the bones of Jesus Christ did not remain in the earthly tomb of this world, but ascended to heaven (Luke 24:39, 51). In the same way, the born-again believer expects to be taken from this temporary world in the resurrection and rapture to be with the Lord (1 Thessalonians 4:16-18). The revelation of the first book of the Bible culminates somberly with the phrase ""and was placed in an ark in Egypt,"" firmly establishing that, without the book of Exodus and the subsequent work of redemption, the natural destiny of fallen man is eternally limited to death and the grave."